Name,Address,City,Country,Latitude,Longitude
Druni Meritxell,av meritxell 77,Andorra,Andorra,42.5083405,1.5266389
PERFUMERIES JÚLIA C lIlla Carlemany, Av Carlemany 70,Escaldes Engordany,Andorra,42.50888945,1.5347287203188107
Rituals Gerasdorf G3 Shopping Resort,G3 Platz 1,Gerasdorf,Austria,48.3421566,16.4617548
Rituals Dornbirn EKZ Messepark, Messestraße 2,Dornbirn,Austria,47.4126446,9.711369
Rituals Wien Mitte The Mall, Landstraßer Hauptstraße 1b,Wien,Austria,48.2066279,16.384326255643426
Rituals Imst, Industriezone 32,Imst,Austria,47.219666,10.7352695
Rituals Wörgl M4, Salzburger Straße 32/40,Wörgl,Austria,47.4897187,12.0725396
Rituals Ried Weberzeile,Weberzeile 1,Ried,Austria,48.206225,13.4858075
Rituals Wien Millennium City, Handelskai 94-96,Wien,Austria,48.2409511,16.3859915
Rituals Leoben City, Hauptplatz 19,Leoben,Austria,47.3813808,15.0952652
Rituals Bürs Zimbapark, Almteilweg 1,Bürs,Austria,47.150746749999996,9.8121639655052
Rituals Wien Hauptbahnhof, Am Hauptbahnhof 1,Wien,Austria,48.18542035,16.37506649938272
Rituals Oberwart EO Einkaufszentrum, Europastraße 1,Oberwart,Austria,47.2876819,16.1871114
Rituals Steyr Hey!, Anton-Plochberger-Straße 2,Steyr,Austria,48.047821,14.4214654
Rituals Graz Murpark, Ostbahnstraße 3,Graz-Liebenau,Austria,47.0400873,15.4637562
Rituals Liezen ELI, Salzburger Straße 1,Liezen,Austria,47.5612811,14.2455488
Rituals Salzburg Europark,Europastraße 1,Salzburg,Austria,47.8154614,13.0061958
Rituals Wien Huma Eleven, Landwehrstraße 6,Wien,Austria,48.170076,16.4733188
Rituals Wiener Neustadt Fischapark,Wiener Neustadt Zehnergürtel 12 - 24,Wiener Neustadt,Austria,47.8195566,16.2184281
Rituals Villach Atrio Shopping Center, Kärntner Straße 34,Villach,Austria,46.5959177,13.8371513
Rituals Seiersberg, Seiersberg 1,Seiersberg-Pirka,Austria,47.0106571,15.4041862
Rituals Vöcklabruck Varena, Linzerstraße 50,Vöcklabruck,Austria,48.0025652,13.6698132
Rituals Krems Mariandl, Wiener Straße 91,Krems,Austria,48.4172277,15.6198227
Rituals Linz Landstraße,Landstraße 22,Linz,Austria,48.3030085,14.2889051
Rituals Wien Donauzentrum, Wagramer Str. 81,Wien,Austria,48.2415643,16.4373378
Rituals Graz Herrengasse,Herrengasse 28,Graz,Austria,47.0689731,15.4409358
Rituals Parndorf Designer Outlet, Designer Outlet Straße 1,Parndorf,Austria,47.9758977,16.8512868
Rituals Sankt Pölten Traisenpark, Dr Adolf-Schärf-Straße 5,Sankt Pölten,Austria,48.2232393,15.638476500460921
Rituals Innsbruck Rathaus Galerien, Maria-Theresien-Straße 18,Innsbruck,Austria,47.2656306,11.3933802
Rituals Wien Westbahnhof, Europaplatz 2,Wien,Austria,48.1968541,16.3389933
Rituals Klagenfurt City Arkaden,Heuplatz. 5,Klagenfurt,Austria,46.6270845,14.3086168
Rituals Pasching Plus City, Plus-Kauf-Straße 7,Pasching,Austria,48.2429727,14.2354739
Rituals Vösendorf SCS,SCS Straße,Vösendorf,Austria,48.1142775,16.3135092
Rituals Innsbruck DEZ, Amraser-See-Straße 56a,Innsbruck,Austria,47.26256425,11.430833776908075
Rituals Tournai,Boulevard Walter de Marvis 22,Tournai,Belgium,50.6024969,3.4045078
Rituals Antwerpen Meir,Meir 77,Antwerpen,Belgium,51.2182843,4.41005233240155
Rituals Geraardsbergen,Grotestraat 63,Geraardsbergen,Belgium,50.77195555,3.8769612504933466
Rituals Luik Rocourt,Chaussée de Tongres 269,Luik,Belgium,50.6710621,5.5450292
Rituals Maasmechelen Village,Zetellaan 100,Maasmechelen,Belgium,51.00104775,5.707167729359057
Rituals Brussel Avenue Louise,Avenue Louise 25,Brussel,Belgium,50.834511,4.3562478
Rituals Messancy, Rue d'Arlon 220,Messancy,Belgium,49.6148193,5.8116335
Rituals Charleroi Rive Gauche,Place Verte 20,Charleroi,Belgium,50.4078547,4.442417952829432
Rituals Ieper,Boterstraat 26,Ieper,Belgium,50.8505238,2.88325885177725
Rituals Brugge Steenstraat,Steenstraat 48,Brugge,Belgium,51.207186199999995,3.2224408286639687
Rituals La Louvière,Rue de la Franco-Belge 28,La Louvière,Belgium,50.4847681,4.2111922
Rituals Lommel,Dorp 23A,Lommel,Belgium,51.2307224,5.3091394
Rituals Gent Kalandeberg,Kalandeberg 13,Gent,Belgium,51.0515205,3.725455
Rituals Luik Mediacité,Boulevard Raymond Poincare 7,Luik,Belgium,50.6344858,5.5808601
Rituals Oudenaarde,Nederstraat 57,Oudenaarde,Belgium,50.8454762,3.6030199870879107
Rituals Uccle,Waterloosesteenweg 1338,Uccle,Belgium,50.7899864,4.3749631
Rituals Brussel Rue Neuve,Rue Neuve 35,Brussel,Belgium,50.8517929,4.3550388
Rituals Brussel Rue des Tongres,Rue des Tongres 47,Brussel,Belgium,50.8400815,4.400657575000004
Rituals Brussel Avenue de l'Université,Avenue de l'Université 4,Brussel,Belgium,50.815409,4.3894997
Rituals Namur,rue de l'Ange 35-37,Namur,Belgium,50.4633929,4.8658877
Rituals Brussel Docks,Boulevard Lambermont 1,Brussel,Belgium,50.87966885,4.373179687203784
Rituals Ninove,Kaardeloodstraat 97,Ninove,Belgium,50.8348714,4.0200125
Rituals Woluwe,Sint Lambertusstraat 200,Woluwe,Belgium,50.844686,4.4365855
Rituals Blankenberge,Kerkstraat 79,Blankenberge,Belgium,51.3143336,3.1301009
Rituals Mons,Place des Grands Pres 1,Mons,Belgium,50.455928,3.9321651
Rituals Heist op den Berg,Bergstraat 83,Heist op den Berg,Belgium,51.07619525,4.721361901334555
Rituals Wavre,Rue Pont du Christ 23,Wavre,Belgium,50.7156843,4.6100774
Rituals Wijnegem,Turnhoutsebaan 5,Wijnegem,Belgium,51.22222845,4.501580108016817
Rituals Oostende,Kapellestraat 12/14,Oostende,Belgium,51.2276677,2.9215395
Rituals Sint Truiden,Luikerstraat 4,St Truiden,Belgium,50.81511615,5.187297844048095
Rituals Roeselare,Ooststraat 59,Roeselare,Belgium,50.94683765,3.1267180493315507
Rituals Waregem,Markt 7,Waregem,Belgium,50.8862433,3.4320379
Rituals Turnhout,Gasthuisstraat 9,Turnhout,Belgium,51.3222037,4.946931804344123
Rituals Nieuwpoort,Albert I laan 229,Nieuwpoort,Belgium,51.1491829,2.7226254
Rituals Nivelles,Chaussee de Mons 18,Nivelles,Belgium,50.5906968,4.3094609
Rituals Lier,Antwerpsestraat 26,Lier,Belgium,51.1323713,4.5687722
Rituals Mol,Kloosterstraat 1,Mol,Belgium,51.18817955,5.119352647787124
Rituals Mechelen,Bruul 41,Mechelen,Belgium,51.0262491,4.4813311
Rituals Mortsel,Statielei 49,Mortsel,Belgium,51.1707579,4.4517758
Rituals Luik Pont d'Ile,Pont d'Ile 41-43,Luik,Belgium,50.6425781,5.5716232
Rituals Luik Belle Ile, Quai des Vennes 1,Luik,Belgium,50.616254049999995,5.593193371859492
Rituals Hasselt,Hoogstraat 4,Hasselt,Belgium,50.957591300000004,5.194526510910767
Rituals Gent Veldstraat,Veldstraat 13,Gent,Belgium,51.053289899999996,3.7225273003424793
Rituals Diest,Botermarkt 36-38,Diest,Belgium,50.982856350000006,5.052795353014902
Rituals Kortrijk,Steenpoort 2,Kortrijk,Belgium,50.826573,3.2709838
Rituals Halle Basiliekstraat,Basiliekstraat 89,Halle,Belgium,50.7340509,4.2360293
Rituals Kuurne,Ringlaan 34 (Unit 117),Kortrijk,Belgium,50.8496112,3.3691164
Rituals Knokke,Lippenslaan 325,Knokke,Belgium,51.3509935,3.2885302808816954
Rituals Aalst,Nieuwstraat 18,Aalst,Belgium,50.938270149999994,4.036515330901242
Rituals Brugge Zuidzand,Zuidzandstraat 54,Brugge,Belgium,51.20533675,3.218566044464993
Rituals Antwerpen Korte Gasthuisstraat,Korte Gasthuisstraat 7,Antwerpen,Belgium,51.217334300000005,4.404271811508067
Rituals Brussel City 2, Nieuwstraat 123,Brussel,Belgium,50.8549391,4.3585619
Rituals Charleroi Ville deux,Grand Rue 143,Charleroi,Belgium,50.41969435,4.457428869172564
Rituals Brasschaat,Bredabaan 363,Brasschaat,Belgium,51.28956305,4.490889252350401
Rituals Dendermonde,Oude Vest 18,Dendermonde,Belgium,51.02806925,4.1002900820301535
Rituals Brussel Westland,Shopping Westland Boulevard Sylvain Dupuis 433,Anderlecht,Belgium,50.8387446,4.287014988996375
DOUGLAS 1 BURGAS PLAZA,Burgas Plaza,Burgas,Bulgaria,42.53092275,27.457530944584505
BEAUTY | ZONE 10 GALLERIA BURGAS,Mall Galleria,Burgas,Bulgaria,42.5126013,27.45424849692911
BEAUTY | ZONE 6 MALL PLOVDIV, 8 Perushtitsa,Plovdiv,Bulgaria,42.1409829,24.7192895
Douglas 7 Mall Markovo Tepe,bul. Ruski 54,Plovdiv,Bulgaria,42.1363892,24.7422648
Douglas 16 Sofia Centre,Vitosha 62,Sofia,Bulgaria,42.6198333,23.3472253
Douglas 15 Retail Park Arena,Perunika 26,Shumen,Bulgaria,43.28079,26.9266377
Douglas Webshop BG,7 Iskarsko shose Blvd,Sofia,Bulgaria,42.6732119,23.3966093
BEAUTY | ZONE 11 SOFIA RING MALL, 214 Okolovrasten pat,Sofia,Bulgaria,42.6242565,23.35276697423254
DOUGLAS 8 BULGARIA MALL, 69 Bulgaria blvd.,Sofia,Bulgaria,42.66421,23.2890462
Douglas Dubrovnik P041 - Robna ku?a Mi,Nikole Tesle 2,Dubrovnik,Croatia,42.6529306,18.0875562
Douglas Osijek,Svilajska 31A,Osijek,Croatia,45.554874299999994,18.63813731084746
Douglas Mall of Split,Josipa Jovica 93,Split,Croatia,43.51911215,16.484022531173785
Douglas Zadar Supernova,Ulica Akcije Maslenica 1,Zadar,Croatia,44.11624,15.2721389
City Center One east P114,Slavonska Avenija 11D,Zagreb,Croatia,45.80238905,16.05081406492134
Douglas Zagreb Arena,Vice Vukova 6,Zagreb,Croatia,45.770265550000005,15.939970760436264
Douglas Zagreb City Center,Jankomir 33,Zagreb,Croatia,45.7992505,15.8852182
Douglas Zagreb Kaptol,Nova Ves 11,Zagreb,Croatia,45.8186064,15.9778916
Douglas Zagreb Garden Mall,Ulica Rudolfa Kolaka 14,Zagreb,Croatia,45.83620605,16.046304721847072
Rituals Liberec Forum,Soukenné nám. 669/2a,Liberec,Czech Republic,50.7656595,15.0562819
Rituals Ostrava Karolína,Jantarová 3344/4,Ostrava,Czech Republic,49.8304565,18.2848444
Rituals Ostrava Avion,Rudná 3114/114,Ostrava,Czech Republic,49.80199,18.2279661
Rituals Olomouc Santovka,Polská 1201/1,Olomouc,Czech Republic,49.5874262,17.2579195
Rituals Zlín Zlaté Jablko,nám. Míru 174,Zlín,Czech Republic,49.2263001,17.668165
Rituals Prague Václavské,Václavské nám. 815/53,Prague,Czech Republic,50.0803707,14.4295006
Rituals Prague Atrium Flora,Vinohradska 2828/151,Praha,Czech Republic,50.0789505,14.4609949
Rituals Prague Chodov, Roztylská 2321/19,Prague,Czech Republic,50.0315824,14.4911419
Rituals Brno Olympia, U dálnice 777,Brno,Czech Republic,49.1378171,16.6339525
Rituals Prague Letnany, Veselská 663,Praha,Czech Republic,50.135821050000004,14.502746398941978
Rituals Prague Cerny Most,Chlumecká 765/6,Praha,Czech Republic,50.1080761,14.5858027
Rituals Herning Centret,Merkurvej 1,Herning,Denmark,56.135342,8.999496
Rituals Vejle Søndergade,Søndergade 27,Vejle,Denmark,55.640635,9.645174
Rituals Roskilde Ro's Torv,Ro's Torv 1,Roskilde,Denmark,55.642401,12.100951
Rituals Amager Centret,Reberbanegade 3,Copenhagen S,Denmark,55.662829,12.603788
Rituals Aalborg Storcenter,Hobrovej 452,Aalborg,Denmark,57.004796,9.875935
Rituals Frederiksberg Centret,Falkoner Allé 21,Frederiksberg,Denmark,55.681463,12.534059
Rituals Odense Rosengårdcentret,Ørbækvej 75,Odense SØ,Denmark,55.382488,10.428085
Rituals Vanløse Kronen,Vanløse Torv 1,Vanløse,Denmark,55.687691,12.490848
Rituals Odense Vestergade,Vestergade 61,Odense C,Denmark,55.394877,10.383526
Rituals Lyngby Storcenter,Lyngby Storcenter,Kgs. Lyngby,Denmark,55.7718346,12.506073687222038
Rituals Aarhus Bruuns Galleri,M.P. Bruuns Gade 25,Aarhus C,Denmark,56.149231,10.203426
Rituals Rødovre Centrum,Rødovre Centrum,Rødovre,Denmark,55.679219399999994,12.457144608226105
Rituals Kolding Storcenter,Skovvangen 42,Kolding,Denmark,55.513908,9.460066
Rituals Aalborg Boulevarden,Boulevarden 1,Aalborg,Denmark,57.047302,9.920634
Rituals Hillerød SlotsArkaderne,Slotsarkaderne 225,Hillerød,Denmark,55.928899,12.298754
Rituals Farum Bytorv,Farum Bytorv 73,Farum,Denmark,55.814982,12.381818
Rituals Taastrup City 2,Cityringen 4 2630,Taastrup,Denmark,55.644627,12.277596
Rituals Herlev Bymidte Butikscenter,Herlev Torv 22,Herlev,Denmark,55.724212,12.439211
Rituals Randers Storcenter,Merkurvej 55,Randers,Denmark,56.42967,10.063987
Rituals Ballerup Centret,Ballerup-Centret 2,Ballerup,Denmark,55.728983,12.355854
Rituals Copenhagen Vimmelskaftet,Vimmelskaftet 41,København,Denmark,55.678555,12.575408
Rituals Horsens Søndergade,Søndergade 19,Horsens,Denmark,55.862059,9.847812
Rituals Greve Waves Shoppingcenter,Over Bølgen 2A,Greve,Denmark,55.597805,12.326339
Rituals Aarhus Søndergade,Søndergade 4,Aarhus C,Denmark,56.155539,10.207671
Rituals Kolding Østergade,Østergade 26,Kolding,Denmark,55.489388,9.474241
Rituals Næstved Storcenter,Næstved Storcenter,Næstved,Denmark,55.2537564,11.782396812773936
Douglas Fama VST 306,Fama põik 10,Narva,Estonia,59.3785035,28.1892804
Douglas Parnu VST 308,Papiniidu 8,Parnu,Estonia,58.3708991,24.5510691
Douglas Ulemiste VST 307,Suur-Sõjamäe 4,Tallinn,Estonia,59.4215442,24.7966912
Douglas Solaris VST 305,Estonia pst 9,Tallinn,Estonia,59.43371715,24.751310427668358
Douglas Lasnamae VST 309,Mustakivi tee 13,Tallinn,Estonia,59.4407848,24.8639230709893
Kaubamaja Tallinn,Gonsiori 2,Tallinn,Estonia,59.4337398,24.772389
Douglas Nautica VST 310,Ahtri 9,Tallinn,Estonia,59.4411111,24.7617621
Kaubamaja Tartu,Riia 1,Tartu,Estonia,58.3778377,26.7266931
Douglas Tartu Kvartal VST 304,Riia 2,Tartu,Estonia,58.3765234,26.7288304
Rituals Kuopio Matkus shopping centre,Matkuksentie 60,Kuopio,Finland,62.82309225,27.60348498251423
Rituals Raisio Mylly,Myllynkatu 1,Raisio,Finland,60.4909731,22.2004611
Rituals Oulu Ideapark,Ritaharjuntie 49,Oulu,Finland,65.0761354,25.44565158977966
Rituals Rovaniemi Revontuli,Koskikatu 27 B,Rovaniemi,Finland,66.50260245,25.72296327833487
Rituals Helsinki Mall of Tripla,Firdonkatu 2 B,Helsinki,Finland,60.1979595,24.9311919
Rituals Helsinki Itis,Itäkatu 1-5,Helsinki,Finland,60.2119467,25.0825952
Rituals Mariehamn Sittkoff Gallerian,Torggatan 13,Mariehamn,Finland,60.099122300000005,19.942611632541627
Rituals Helsinki Forum,Mannerheimintie 20,Helsinki,Finland,60.1696202,24.9380729
Rituals Helsinki Kamppi Shopping Centre,Urho Kekkosen katu 1,Helsinki,Finland,60.1690773,24.933074569992705
Rituals Vantaa Jumbo,Vantaanportinkatu 3,Vantaa,Finland,60.291594149999995,24.965677651764707
Rituals Tampere Ratina,Vuolteenkatu 1,Tampere,Finland,61.4930175,23.7673978
Rituals Lempäälä Ideapark,Ideaparkinkatu 4,Lempäälä,Finland,61.360455200000004,23.796481130101093
Rituals Espoo Sello Shopping Centre,Leppävaarankatu 3-9,Espoo,Finland,60.2175586,24.8100539
Rituals Tours Les Atlantes,Avenue Jacques Duclos,Saint-Pierre-des-Corps,France,47.3786045,0.7195972
Rituals Laval Carrefour,46 Avenue du Maréchal de Lattre de Tassigny,Laval,France,48.0798668,-0.8016006
Rituals Le Havre Docks Vauban,70 quai Frissard,Le Havre,France,49.49020125,0.12953655773988565
Rituals Thionville Geric,rue du Maillet,Thionville,France,49.3563618,6.1399628
Rituals Valenciennes Place d'Armes,12 rue de la Halle,Valenciennes,France,50.3569286,3.5242307
Rituals Pau Quartier Libre,180 Boulevard de l'Europe,Lescar,France,43.3240542,-0.4376033
Rituals Roncq Promenade de Flandre,Boulevard d'Halluin,Roncq,France,50.747226,3.1322048
Rituals Périgueux La Feuilleraie,Avenue de l'Automobile,Trélissac,France,45.199693350000004,0.7947525281756758
Rituals Mont-de-Marsan Grand Moun,200 boulevard Oscar Niemeyer,Saint-Pierre-du-Mont,France,43.8637947,-0.4802416
Rituals Brest Jean Jaurès,19 rue Jean Jaurès,Brest,France,48.3710952,-4.58912
Rituals Angers Espace Anjou,75 Avenue Montaigne,Angers,France,47.468315700000005,-0.5275023455893189
Rituals Nancy Saint-Jean,6 rue Saint-Jean,Nancy,France,48.6906336,6.1817482
Rituals Toulouse Gramont,2 Chemin de Gabardie,Toulouse,France,43.6318335,1.4848187669821862
Rituals Saint-Nazaire Ruban Bleu,6 Rue François Marceau,Saint-Nazaire,France,47.2764203,-2.2058132
Rituals Brest Phare de l'Europe,29 Route de Gouesnou,Brest,France,48.4075658,-4.4677428
Rituals Angoulême Champ de Mars,4 Place du Champ de Mars,Angoulême,France,45.6491591,0.162525
Rituals Aulnay-sous-Bois O'Parinor,Le Haut de Galy,Aulnay-sous-Bois,France,48.95714785,2.4765292458911765
Rituals Limoges Clocher,47-51 rue du Clocher,Limoges,France,45.6774763,0.9995699
Rituals Quimper Kéréon,8 rue Kéréon,Quimper,France,47.9959336,-4.103582
Rituals Strasbourg Place des Halles,24 Place des Halles,Strasbourg,France,48.5868158,7.7405187
Rituals Brive Toulzac,16-18 Rue Toulzac,Brive-la-Gaillarde,France,45.1608124,1.5329201
Rituals Marseille Prado,41 Boulevard Michelet,Marseille,France,43.1767098,5.602617
Rituals Rennes Grand Quartier,Route Saint-Malo,Saint-Grégoire,France,48.1768215,-1.7219744
Rituals Faches Aushopping,Route de Vendeville,Faches-Thumesnil,France,50.5804117,3.0862138
Rituals Saint-Omer Rives de l'Aa,2 avenue des Frais Fonds,Longuenesse,France,50.736187,2.2716326
Rituals Caen Mondeville 2,Route de Paris,Mondeville,France,49.1667011,-0.3137393
Rituals Grenoble Grand Place,55 Grand'Place,Grenoble,France,45.1576738,5.732528040848877
Rituals Antibes Via Marenda,Place des Martyrs de la Résistance,Antibes,France,43.5811104,7.1233897331190175
Rituals Paris La Défense CNIT,2 Place de la Défense,Puteaux,France,48.8926615,2.2388207
Rituals Le Mans Aushopping,ZAC du Moulin aux Moines,La Chapelle-Saint-Aubin,France,48.03667,0.17830423333333306
Rituals Nîmes Cap Costières,400 Avenue Claude Baillet,Nîmes,France,43.81255305,4.3625801887294635
Rituals Perpignan Porte d'Espagne,1 Avenue d'Espagne,Perpignan,France,42.6754674,2.8891415
Rituals Marseille Grand Littoral,11 avenue de Saint Antoine,Marseille,France,43.3659239,5.3568656
Rituals Le Mans Minimes,10 rue des Minimes,Le Mans,France,48.0027619,0.1969516
Rituals Paris Champs-Elysées,33 Avenue des Champs-Elysées,Paris,France,48.8696596,2.3068885
Rituals Rueil-Malmaison Vaillant Couturier,17 rue Paul Vaillant Couturier,Rueil-Malmaison,France,48.8772209,2.1815833
Rituals Orléans Cap Saran,2601 route nationale 20,Saran,France,47.95884125,1.8908076678802916
Rituals Nantes Rezé Océane,10 rond-point de la Corbinerie,Rezé,France,47.1604364,-1.5469345
Rituals Valence Victor Hugo,14 Avenue Victor Hugo,Valence,France,44.9297691,4.8909042
Rituals Crêches-sur-Saône Les Bouchardes,Route Nationale 6,Crêches-sur-Saône,France,46.2400738,4.7869773
Rituals Noisy Arcades,234 Boulevard du Mont d'Est,Noisy-le-Grand,France,48.8401228,2.5463945
Rituals Cannes Antibes,42 rue d'Antibes,Cannes,France,43.5525044,7.0193177
Rituals Saint-Etienne Général Foy,10 rue Général Foy,Saint-Etienne,France,45.4373727,4.3876101
Rituals Romans Marques Avenue,60 avenue Gambetta,Romans-sur-Isère,France,45.0456797,5.0593198
Rituals Bordeaux Sainte-Catherine,81-83 rue Sainte-Catherine,Bordeaux,France,44.840905,-0.5743448
Rituals Cergy Les 3 Fontaines,Rue de la Croix des Maheux,Cergy,France,49.0387634,2.0805601
Rituals Chartres Epicentre,1 Rue des Orvilles,Barjouville,France,48.4116837,1.4647148
Rituals La Baule Général de Gaulle,125 avenue du Général de Gaulle,La Baule-Escoublac,France,47.2857497,-2.3918296
Rituals Brétigny Maison Neuve,1 Avenue de la Maison Neuve,Brétigny-sur-Orge,France,48.5879073,2.3041054
Rituals Nice Nicetoile,30 avenue Jean Médecin,Nice,France,43.7015238,7.2679248
Rituals Toulon La Valette L'Avenue 83,300 Avenue de l'Université,La Valette-du-Var,France,43.1368786,6.0059141
Rituals Annecy Carnot,22 rue Carnot,Annecy,France,45.901618400000004,6.125635355801103
Rituals Bourges Avaricum,8 avenue de Peterborough,Bourges,France,47.0874712,2.3947995
Rituals Calais Cité Europe,1001 Boulevard du Kent,Coquelles,France,50.9338832,1.8112395
Rituals Cormontreuil Cora Reims,Route de Louvois,Cormontreuil,France,49.2155017,4.0508303
Rituals Rennes Orléans,2 rue d'Orléans,Rennes,France,48.1102895,-1.6790625
Rituals Saint-Paul-les-Dax,1141 Boulevard Saint Vincent de Paul,SAINT PAUL LES DAX,France,43.7303802,-1.0416073
Rituals Fenouillet La Galerie Espaces,19 Rue des Usines,Fenouillet,France,43.6946557,1.4007428
Rituals Amiens Trois Cailloux,3 rue des Trois Cailloux,Amiens,France,49.8929722,2.2983179
Rituals Montesson Carrefour,280 avenue Gabriel Péri,Montesson,France,48.92815280000001,2.145084485403286
Rituals Tours Nationale,61 rue Nationale,Tours,France,47.263375,0.466579
Rituals Anglet BAB 2,6 rue Jean Léon Laporte,Anglet,France,43.4840969,-1.5044953
Rituals Plaisir,1170 Avenue de St-Germain,Plaisir,France,48.8258681,1.9458112
Rituals Bourg-en-Bresse Maréchal Foch,1 rue Maréchal Foch,Bourg-en-Bresse,France,46.2053513,5.2271966
Rituals Wittenheim Shop In Witty,130 Rue de Soultz,Wittenheim,France,47.8098075,7.3139526
Rituals Toulouse Rue Lafayette,22 rue Lafayette,Toulouse,France,43.6046272,1.4462842
Rituals Béziers Polygone, Carrefour de L'Hours 3,Béziers,France,43.336008,3.2251954
Rituals Villeneuve-la-Garenne-Qwartz,Boulevard Gallieni 4,Villeneuve-la-Garenne,France,48.92562975,2.3286593483285136
Rituals Toulon Mayol,Rue du Mûrier,Toulon,France,43.120035,5.9348807
Rituals Paris Gare de l'Est,Place du 11 Novembre 1918,Paris,France,48.876387449999996,2.3587465558195224
Rituals Lyon République,64 Rue de la République,Lyon,France,45.7032668,4.826561
Rituals Colmar Clefs,30 rue des Clefs,Colmar,France,48.0786502,7.3595915
Rituals Caen Strasbourg,4 Rue de Strasbourg,Caen,France,49.1828085,-0.3642375034810549
Rituals Miramas Designer Outlet,Mas de la Peronne,Miramas,France,43.5916246,4.9926028
Rituals Strasbourg Grandes Arcades,57 Rue des Grandes Arcades,Strasbourg,France,48.5823981,7.7475559
Rituals Saint-Martin-d'Hères,Saint-Martin-d'Hères,Saint-Martin-d'Hères,France,45.1753821,5.789349754744375
Rituals Aix-en-Provence Espariat,53 rue Espariat,Aix-en-Provence,France,43.52715165,5.446845631866196
Rituals Mulhouse Sauvage,38 Rue du Sauvage,Mulhouse,France,47.7477967,7.339766
Rituals Rouen Carmes,23 Rue des Carmes,Rouen,France,49.4408523,1.0938015
Rituals Aéroport Toulouse Blagnac,Aéroport Toulouse Blagnac,Blagnac,France,43.6315975,1.375056
Rituals La Rochelle Temple,27 Rue du Temple,La Rochelle,France,46.1586514,-1.1528543
Rituals Nice Massena,2 Rue Massena,Nice,France,43.6978943,7.2688253
Rituals Lyon Édouard Herriot,58 Rue du Président Édouard Herriot,Lyon,France,45.7628298,4.8340788
Rituals Toulouse Blagnac,2 Allée Emile Zola 31700 Blagnac,Blagnac,France,43.6451672,1.3727103
Rituals Rosny 2,2 Avenue du Général de Gaulle,Rosny-sous-Bois,France,48.874461,2.482428
Rituals Paris Saint-Lazare,1 Cour de Rome,Paris,France,48.8756298,2.3241317
Rituals Nantes Boileau,3 Rue Boileau,Nantes,France,47.0474472,-1.1880442
Rituals Paris Passy,52 Rue de Passy,Paris,France,48.8578127,2.2790612
Rituals Paris Faubourg Saint-Antoine,47 Rue du Faubourg St Antoine,Paris,France,48.8522859,2.3727457
Rituals La Défense Les 4 Temps,15 Parvis de la Défense,Puteaux,France,48.8906441,2.237655544990453
Rituals Marseille Saint-Ferréol,58 Rue Saint-Ferréol,Marseille,France,43.2928297,5.3786208
Rituals Paris Saint-Sulpice,34 Rue Saint-Sulpice,Paris,France,48.8513894,2.3350074
Rituals Deauville Désiré Le Hoc,57 bis Rue Désiré Le Hoc,Deauville,France,49.359584,0.076032
Rituals Paris Rivoli,57 Rue de Rivoli,Paris,France,48.8591163,2.3459524
Rituals Lille Lepelletier,18 Rue Lepelletier,Lille,France,50.6383712,3.0631174
Rituals Vélizy 2,2 Avenue de l'Europe,Vélizy-Villacoublay,France,48.7840022,2.2209162
Rituals Paris Italie 2,30 Avenue d'Italie,Paris,France,48.8292422,2.3558022
Rituals Viernheim Rhein Neckar Zentrum,Robert-Schuman-Straße 8,Viernheim,Germany,49.5276848,8.5670564
Rituals Gütersloh,Berliner Straße 41,Guetersloh,Germany,51.907325,8.379462
Rituals Sankt Augustin HUMA,Rathausallee 16,Sankt Augustin,Germany,50.7778685,7.18813
Rituals Stuttgart Gerber,Sophienstraße 21,Stuttgart,Germany,48.7716263,9.1737681
Rituals Flensburg Citti Park,Langberger Weg 4,Flensburg,Germany,54.7737101,9.3967171
Rituals Leipzig Höfe am Brühl,Brühl 1,Leipzig,Germany,51.3434091,12.3754869
Rituals Bayreuth Rotmain Center,Hohenzollernring 58,Bayreuth,Germany,49.9457889,11.569291542572058
Rituals Reutlingen,Wilhelmstraße 34,Reutlingen,Germany,48.4930074,9.2108384
Rituals Lüdenscheid Stern Center,Wilhelmstraße 33,Lüdenscheid,Germany,51.2166008,7.6312221
Rituals Nürnberg Franken Center,Glogauer Straße 30-38,Nürnberg,Germany,49.40356895,11.134250769572366
Rituals Recklinghausen Palais Vest,Löhrhof 1,Recklinghausen,Germany,51.6125427,7.199378258883534
Rituals Schwedt,Landgrabenpark 1,Schwedt,Germany,53.0649284,14.272992690796032
Rituals Bremen Waterfront,AG-Weser-Straße 3,Bremen,Germany,53.112409,8.7475121
Rituals Ahrensfelde Kaufpark Eiche,Landsberger Chaussee 17,Ahrensfelde,Germany,52.5478781,13.6015835
Rituals Konstanz Lago,Bodanstraße 1,Konstanz,Germany,47.6573397,9.1765771
Rituals Aurich,Marktplatz 32,Aurich,Germany,53.4693543,7.4818926
Rituals Neustadt a.d. Weinstraße,Hauptstraße 54,Neustadt a.d. Weinstraße,Germany,49.3525568,8.1368759
Rituals Lingen,Poststrasse 5,Lingen,Germany,52.5198724,7.3191328
Rituals Schweinfurt,Gunnar-Wester-Straße 10,Schweinfurt,Germany,50.0389781,10.2232416
Rituals Düren,Kuhgasse 8,Düren,Germany,50.8057278,6.480384933305885
Rituals Ansbach Brücken Center,Residenzstraße 2-6,Ansbach,Germany,49.305878449999994,10.568303144855463
Rituals Köln Ehrenstraße,Ehrenstraße 43-45,Köln,Germany,50.9384805,6.9436531
Rituals Braunschweig Schloß Arkaden,Platz am Ritterbrunnen 1,Braunschweig,Germany,52.2633231,10.527401211563532
Rituals Detmold,Lange Straße 34,Detmold,Germany,51.934649,8.878702327187545
Rituals Plauen Stadt Galerie,Postplatz 1,Plauen,Germany,50.4962966,12.135988
Rituals Kleve,Große Straße 63,Kleve,Germany,51.7871474,6.1381768
Rituals Dresden Altmarkt Galerie,Webergasse 1,Dresden,Germany,51.04931795,13.735567985226421
Rituals Lüneburg Große Bäckerstraße,Große Bäckerstraße 8a,Lüneburg,Germany,53.249024,10.4087012
Rituals Euskirchen,Neustraße 27,Euskirchen,Germany,50.660656849999995,6.789417508747464
Rituals Wiesbaden Kirchgasse,Kirchgasse 36,Wiesbaden,Germany,50.0778367,8.2382929
Rituals Darmstadt Luisencenter,Luisenplatz 5,Darmstadt,Germany,49.87180515,8.65156857186502
Rituals Hamburg Elbe,Osdorfer Landstrasse 131-135,Hamburg,Germany,53.5705827,9.8636225
Rituals München Riem,Willy Brandt Platz 5,München,Germany,48.132161,11.6918286
Rituals Straubing Ludwigsplatz,Ludwigsplatz 35,Straubing,Germany,48.882284549999994,12.572507442719747
Rituals Erlangen Arcaden,Nürnberger Straße 7,Erlangen,Germany,49.5924385,11.004624889264639
Rituals Berlin Leipziger Platz (Mall of Berlin),Leipziger Platz 12,Berlin,Germany,52.5105194,13.3799967
Rituals Koblenz Löhr Center,Hohenfelder Straße 22,Koblenz,Germany,50.3591382,7.5909101
Rituals Mülheim Rhein Ruhr Centrum,Humboldtring 13,Mülheim,Germany,51.4378011,6.9552502
Rituals Duisburg Forum,Königstraße 48,Duisburg,Germany,51.4508122,6.71596
Rituals Remscheid Allee Center,Theodor-Heuss-Platz 7,Remscheid,Germany,51.182347699999994,7.187424463454814
Rituals München Pasing,Pasinger Bahnhofsplatz 5,München,Germany,48.1478198,11.465213590665195
Rituals Berlin Friedrichstraße,Friedrichstraße 149,Berlin,Germany,52.5189416,13.388242
Rituals Berlin Wildau,Chausseestraße 1,Wildau,Germany,52.3141361,13.6118663
Rituals Singen Cano,Bahnhofstrasse 29,Singen Hohentwiel,Germany,47.7601733,8.841501
Rituals Villingen-Schwenningen,Rietstraße 3,Villingen-Schwenningen,Germany,48.05949885,8.459533416846199
Rituals Hamm Allee Center,Richard-Matthaei-Platz 1,Hamm,Germany,51.6820194,7.81353657271975
Rituals Aalen Kubus,Marktplatz 26,Aalen,Germany,48.8362434,10.0920995
Rituals Köln Rhein-Center,Aachenerstraße 1253,Köln,Germany,50.9379663,6.8356055
Rituals Celle,Zöllnerstraße 5,Celle,Germany,52.6243878,10.0829555
Rituals Hamburg Europa Passage,Ballindamm 40,Hamburg,Germany,53.5514697,9.996323175748685
Rituals Münster,Ludgeristraße 24,Münster,Germany,51.95947135,7.627713989913396
Rituals Giessen,Seltersweg 44,Giessen,Germany,50.5835153,8.672278
Rituals Oberhausen Centro,Centroallee 124/125,Oberhausen,Germany,51.4913965,6.8836072
Rituals Bergisch Gladbach,Hauptstraße 141 - 143,Bergisch Gladbach,Germany,50.9859275,7.12095
Rituals Neunkirchen Saar Park,Stummstraße 1,Neunkirchen,Germany,49.3471009,7.1749292
Rituals Limburg,Werner-Senger-Straße 4,Limburg,Germany,50.3862425,8.0626834
Rituals Garmisch-Partenkirchen,Chamonixstr. 1,Garmisch-Partenkirchen,Germany,47.4945416,11.0957621
Rituals Ludwigsburg Breuningerland,Heinkelstraße 1,Ludwigsburg,Germany,48.9215736,9.1523786
Rituals München OEZ,Hanauer Straße 68,München,Germany,48.1835227,11.5325993
Rituals Mannheim O3,O3 2-8,Mannheim,Germany,49.486643,8.468061854915735
Rituals Bielefeld Loom,Bahnhofstraße 28,Bielefeld,Germany,52.0250687,8.5333108
Rituals Leonberg Leo Center,Leonberger Straße 98-108,Leonberg,Germany,48.8055167,9.0386301
Rituals Düsseldorf Flinger Straße,Flinger Str. 34,Düsseldorf,Germany,51.2253798,6.7743185
Rituals Köln Schildergasse,Schildergasse 95-101,Köln,Germany,50.9364671,6.9489679
Rituals Ludwigshafen,Im Zollhof 4,Ludwigshafen,Germany,49.4859926,8.446918028566227
Rituals Dinslaken Neutor Galerie,Neutorplatz 14,Dinslaken,Germany,51.5624554,6.7398899
Rituals Karlsruhe Ettlinger Tor,Karl-Friedrich-Straße 26,Karlsruhe,Germany,49.006449,8.4034388
Rituals München Karlsplatz,Karlsplatz 10,München,Germany,48.1389082,11.566432595955888
Rituals Rosenheim,Münchener Strasse 6,Rosenheim,Germany,47.8548205,12.1253631
Rituals Greifswald Markt,Markt 30,Greifswald,Germany,54.0959159,13.379426819891505
Rituals Gera Arcaden,Heinrichstraße 30,Gera,Germany,50.8755562,12.0779216
Rituals Tübingen,Neckargasse 27,Tübingen,Germany,48.5196859,9.05766
Rituals München PEP,Thomas Dehler Strasse 10,München,Germany,48.101913,11.6447691
Rituals Dessau Rathaus Galerie,Kavalierstraße 49,Dessau,Germany,51.8338298,12.2446684
Rituals Rostock Kröpeliner Straße,Kröpeliner Straße 64,Rostock,Germany,54.08857664999999,12.133172866462418
Rituals Siegen,City Galerie Siegen,Siegen,Germany,50.87445245,8.015223594857346
Rituals Köln Hauptbahnhof,Trankgasse 11,Köln,Germany,50.9428854,6.9576234
Rituals Frankfurt am Main Zeil,Zeil 112-114,Frankfurt am Main,Germany,50.1142652,8.6806289
Rituals Ottersberg Posthausen Dodenhof,Posthausen 1,Ottersberg-Posthausen,Germany,53.0618303,9.1653477
Rituals Neumünster Designer Outlet,Oderstraße 10,Neumünster,Germany,54.0432328,9.97772662149908
Rituals Erfurt,Anger 60,Erfurt,Germany,50.9758706,11.0338324
Rituals Gummersbach,Steinmüllerallee 5,Gummersbach,Germany,51.024981749999995,7.566230231185495
Rituals Neu Ulm Glacis Galerie,Bahnhofstraße 1/3,Neu-Ulm,Germany,48.3945323,10.0051534
Rituals Arnsberg,Hauptstraße 21,Arnsberg,Germany,51.4512858,7.9643624
Rituals Berlin Alexa,Grunerstr.20,Berlin,Germany,52.51907225,13.416015406346249
Rituals Göppingen Agnes,Bleichstraße 29,Göppingen,Germany,48.701867,9.658026543576135
Rituals Esslingen,Berliner Straße 2-4,Esslingen,Germany,48.739847,9.302072148613728
Rituals Leipzig Grimmaische Straße,Grimmaische Straße 19,Leipzig,Germany,51.3397805,12.3781004
Rituals München Hauptbahnhof,Bayerstrasse 10a,München,Germany,48.1399659,11.55925
Rituals Rheine,Emsstraße 36,Rheine,Germany,52.2775582,7.4418479
Rituals Berlin Das Schloß,Schlossstraße 33-36,Berlin,Germany,52.4578154,13.3199258
Rituals Stade,Holzstraße 18,Stade,Germany,53.380550400000004,9.444458864674086
Rituals Mönchengladbach Minto,Hindenburgstraße 73,Mönchengladbach,Germany,51.1941978,6.4374746
Rituals Hannover EAG,Ernst-August-Platz 2,Hannover,Germany,52.377997050000005,9.73759857035219
Rituals Bremen Sögestraße,Sögestraße 37/39,Bremen,Germany,53.0778261,8.8079179
Rituals Wuppertal,Alte Freiheit 9,Wuppertal,Germany,51.2574641,7.15034584647736
Rituals Bonn,Marktbrücke 4,Bonn,Germany,50.735205,7.1014279
Rituals Solingen,Kölner Straße 99,Solingen,Germany,51.1718786,7.081406
Rituals Kaiserslautern,Fackelrondell 1,Kaiserslautern,Germany,49.44450605,7.766109211053991
Rituals Köln Neumarkt,Neumarkt 2-4,Köln,Germany,50.93703445,6.948446049075558
Rituals Essen Kettwiger Straße,Kettwiger Straße 43,Essen,Germany,51.45624755,7.012421461141585
Rituals Düsseldorf Schadow Arkaden,Schadowstraße 11,Düsseldorf,Germany,51.2248738,6.7819342
Rituals München Theatinerstraße,Theatinerstraße 29,München,Germany,48.1412561,11.5770192
Rituals Ratingen,Marktplatz 21,Ratingen,Germany,51.2970191,6.8496135
Rituals Paderborn,Westernstraße 16,Paderborn,Germany,51.7166769,8.7501916
Rituals Köln Arcaden,Kalker Hauptstraße 55,Köln,Germany,50.93867645,6.998330707044616
Rituals Offenburg,Hauptstraße 84-88,Offenburg,Germany,48.4675917,7.939301
Rituals Berlin Gesundbrunnen,Badstraße 4,Berlin,Germany,52.5499936,13.389524
Rituals Berlin Spandau,Klosterstraße 3,Berlin,Germany,52.5333159,13.1977213
Rituals Zweibrücken Fashion Outlet,Londoner Bogen 10-90,Zweibrücken,Germany,49.2306097,7.4061093
Rituals Sindelfingen Breuningerland,Tilsiter Straße 15,Sindelfingen,Germany,48.7042179,9.0307196
Rituals Dresden Elbe Park,Peschelstraße 33,Dresden,Germany,51.0845517,13.6955812
Rituals Dresden,Trompeterstraße 5,Dresden,Germany,51.0463039,13.7348516
Rituals Neuss Rheinpark-Center,Breslauer Straße 2,Neuss,Germany,51.2008512,6.7188503
Rituals Kempten,August-Fischer-Platz 1,Kempten,Germany,47.7206834,10.3152423
Rituals Stuttgart Königstrasse,Königstraße 46,Stuttgart,Germany,48.776044999999996,9.175687973885433
Rituals Stralsund,Ossenreyerstraße 27,Stralsund,Germany,54.3129029,13.0898621
Rituals Bremen Weserpark,Hans-Bredow-Straße 19,Bremen,Germany,53.0483931,8.9579695
Rituals Sylt-Westerland,Friedrichstraße 25,Sylt-Westerland,Germany,54.9075337,8.3024897
Rituals Minden,Bäckerstraße 9,Minden,Germany,52.2900366,8.9170467
Rituals Stuttgart Milaneo,Mailänder Platz 7,Stuttgart,Germany,48.7908969,9.1829287
Rituals Hagen Rathaus Galerie,Mittelstraße 22,Hagen,Germany,51.35753165,7.475100548123616
Rituals Krefeld,Hochstraße 82,Krefeld,Germany,51.3314239,6.5629075
Rituals Norderstedt Herold-Center,Berliner Allee 40,Norderstedt,Germany,53.6848941,9.986233
Rituals Fulda,Bahnhofstraße 7,Fulda,Germany,50.5528536,9.6799828
Rituals Kiel Sophienhof,Sophienblatt 20,Kiel,Germany,54.3170621,10.1315542
Rituals Neuss,Büchel 18,Neuss,Germany,51.1985851,6.6913864
Rituals Göttingen,Weenderstraße 51,Göttingen,Germany,51.5353072,9.9349527
Rituals Marburg 2M Mall,Universitätsstraße 8,Marburg,Germany,50.8062977,8.7693129
Rituals Velbert,Kolpingstraße 10,Velbert,Germany,51.3426233,7.046357
Rituals Hamburg Phoenixcenter,Hannoversche Straße 86,Hamburg,Germany,53.4562754,9.9866929
Rituals Kassel Obere Königsstraße,Obere Königsstraße 45,Kassel,Germany,51.3148005,9.4960381
Rituals Saarbrücken,Bahnhofstrasse 74,Saarbrücken,Germany,49.2369548,6.992615487098766
Rituals Amberg,Georgenstraße 9,Amberg,Germany,49.44493,11.8563896
Rituals Regensburg Donau Einkaufszentrum,Weichser Weg 5,Regensburg,Germany,49.0266027,12.1162529
Rituals Zwickau Arcaden,Innere Plauensche Straße 14,Zwickau,Germany,50.7196728,12.4947615
Rituals Karlsruhe,Kaiserstraße 209,Karlsruhe,Germany,49.0097467,8.396028961322934
Rituals Bielefeld Niedernstraße,Niedernstraße 18,Bielefeld,Germany,52.0220362,8.5319936
Rituals Chemnitz Galerie Roter Turm,Neumarkt 2,Chemnitz,Germany,50.8337853,12.92108705052077
Rituals Wertheim Village,Almosenberg,Wertheim,Germany,49.7706639,9.5881766
Rituals Moers,Steinstraße 18,Moers,Germany,51.4513082,6.627276846391398
Rituals Frankfurt NWZ,Limescorso 8,Frankfurt am Main,Germany,50.1576002,8.6327289
Rituals Osnabrück,Große Straße 45,Osnabrück,Germany,52.155811400000005,8.044199295156616
Rituals Augsburg City-Galerie,Willy-Brandt-Platz 1,Augsburg,Germany,48.365544299999996,10.907536928777755
Rituals Berlin Gropius Passagen,Johannisthaler Chaussee 317,Berlin,Germany,52.4294315,13.4548244
Rituals Cottbus BLECHEN carré,Karl-Liebknecht-Straße 136,Cottbus,Germany,51.7589136,14.3312606
Rituals Lübeck CITTI-PARK,Herrenholz 14,Lübeck,Germany,53.8590701,10.628615
Rituals Unna,Bahnhofstraße 6,Unna,Germany,51.5352139,7.6903514
Rituals Flensburg,Holm 27,Flensburg,Germany,54.7846488,9.4354023
Rituals München Leopoldstraße,Leopoldstrasse 37,München,Germany,48.1593403,11.5845832
Rituals Wetzlar Forum,Am Forum 1,Wetzlar,Germany,50.5647706,8.505420199267718
Rituals Halle Leipziger Straße,Leipziger Straße 16,Halle,Germany,51.4811638,11.974357
Rituals Braunschweig Hutfiltern,Hutfiltern 4,Braunschweig,Germany,52.262542499999995,10.521007400680933
Rituals Berlin Wilmersdorfer Arcaden,Wilmersdorfer Straße 46,Berlin,Germany,52.5084018,13.3056032
Rituals Hanau,Langstrasse 47,Hanau,Germany,50.133723,8.916295
Rituals Siegburg,Kaiserstraße 15,Siegburg,Germany,50.801305,7.2058551
Rituals Bad Oeynhausen Werre Park,Mindener Straße 22,Bad Oeynhausen,Germany,52.213427550000006,8.811295360689593
Rituals Iserlohn,Wermingser Straße 12,Iserlohn,Germany,51.3742066,7.6989385
Rituals Bocholt Neutor,Neutorplatz 2-4,Bocholt,Germany,51.8354234,6.6156027
Rituals Neubrandenburg Marien-Carreé,Treptower Straße 1,Neubrandenburg,Germany,53.55678935,13.260206005484072
Rituals Schwerin Schlosspark-Center,Am Marienplatz 5,Schwerin,Germany,53.6282119,11.4106306
Rituals Herne,Bahnhofstraße 31,Herne,Germany,51.5392895,7.2232612
Rituals Chemnitz Center,Ringstrasse 17,Chemnitz,Germany,50.8654185,12.8669274
Rituals Leipzig Paunsdorf,Paunsdorfer Allee 1,Leipzig,Germany,51.3506118,12.4766609
Rituals Lippstadt,Lange Straße 53,Lippstadt,Germany,51.67343325,8.347463039179223
Rituals Hilden,Mittelstraße 29-33,Hilden,Germany,51.1687144,6.937559459463138
Rituals Hamburg AEZ,Heegbarg 31,Hamburg,Germany,53.6537776,10.0910385
Rituals Oldenburg,Achternstraße 8,Oldenburg,Germany,53.1413189,8.214274
Rituals Bad Homburg,Louisenstraße 63,Bad Homburg,Germany,50.2268052,8.6163921
Rituals Bochum Kortumstrasse,Kortumstraße 68,Bochum,Germany,51.4802649,7.2173046
Rituals Hamburg Sachsentor,Sachsentor 36,Hamburg,Germany,53.4873964,10.2137544
Rituals Ulm,Münsterplatz 45,Ulm,Germany,48.3978055,9.9905768
Rituals Potsdam Stern Center,Stern Center 1-10,Potsdam-Drewitz,Germany,52.3712548,13.135733
Rituals Leer,Mühlenstraße 112,Leer,Germany,53.2312274,7.4609311
Rituals Augsburg,Bürgermeister Fischer Straße 11,Augsburg,Germany,48.36625,10.8950049
Rituals Speyer,Maximilianstraße 49,Speyer,Germany,49.3173528,8.4330217
Rituals Kassel DEZ,Frankfurter Strasse 225,Kassel,Germany,51.288007,9.4737237
Rituals Hamburg Spitaler Straße,Spitaler Straße 16,Hamburg,Germany,53.5518006,10.0016297
Rituals Goslar,Fischemäkerstraße 5,Goslar,Germany,51.9074073,10.4282333
Rituals Ravensburg,Marienplatz 51,Ravensburg,Germany,47.78278255,9.613052232051956
Rituals Aachen Aquis Plaza,Adalbertstraße 100,Aachen,Germany,50.77473085,6.093145491143544
Rituals Trier,Fleischstraße 84,Trier,Germany,49.7567835,6.6404749
Rituals Bochum Ruhr-Park,Am Einkaufszentrum 1,Bochum,Germany,51.4943736,7.2806389
Rituals Baden-Baden,Lange Straße 11,Baden-Baden,Germany,48.7618156,8.2392068
Rituals Weimar,Wielandstraße 2,Weimar,Germany,50.9803053,11.325810322956057
Rituals Ludwigsburg Marstall,Marstallstraße 1,Ludwigsburg,Germany,48.8995519,9.190309
Rituals Wolfsburg Designer Outlets,An der Vorburg 1,Wolfsburg,Germany,52.429279550000004,10.796129133665016
Rituals Neumünster,Gänsemarkt 1,Neumünster,Germany,54.0741197,9.980336
Rituals Hamburg Mercado,Ottenser Hauptstraße 10,Hamburg,Germany,53.5528087,9.9314936
Rituals Jena Goethe Galerie,Goethestrasse 3b,Jena,Germany,50.9271735,11.5821311
Rituals Heidelberg Hauptstraße,Hauptstraße 25,Heidelberg,Germany,49.4103316,8.6955174
Rituals Berlin Forum Köpenick,Bahnhofstraße 33-38,Berlin,Germany,52.4581952,13.5765989
Rituals München Kaufingerstraße,Kaufingerstraße 5,München,Germany,48.1373917,11.5737449
Rituals Pforzheim Schlössle Galerie, Kiehnlestraße 14-16,Pforzheim,Germany,48.8929993,8.6946964
Rituals Berlin East Side Mall, Tamara-Danz-Straße 11,Berlin,Germany,52.5059147,13.445833480080644
Rituals Memmingen Kramerstrasse,Kramerstrasse 30,Memmingen,Germany,47.983935,10.1821268
Rituals Hamburg Wandsbek Quarree, Quarree 8-10,Hamburg,Germany,53.5725834,10.0665979
Rituals Nürnberg Hauptbahnhof, Bahnhofsplatz 9,Nürnberg,Germany,49.44620305,11.08186540397323
Rituals Berlin Rathaus Center Pankow, Breite Strasse 20,Berlin,Germany,52.5365869,13.2051712
Rituals Görlitz,Berliner Straße 57,Görlitz,Germany,51.1508753,14.9835111
Rituals Freising,Untere Hauptstraße 6,Freising,Germany,48.400797049999994,11.744875720074045
Rituals Wittenberg Arsenal, Markt 16,Wittenberg,Germany,51.8670783,12.6439019
Rituals Erfurt Thüringen-Park, Nordhäuser Straße 73 t,Erfurt,Germany,51.0082816,10.9940757
Rituals Eisenach Karlstrasse,Karlstraße 10,Eisenach,Germany,50.9748325,10.32181361081356
Rituals Bad Kreuznach,Mannheimer Straße 133,Bad Kreuznach,Germany,49.8430761,7.860728
Rituals Coburg,Spitalgasse 9,Coburg,Germany,50.2590409,10.9646752
Rituals Frankfurt Hessen-Center, Borsigallee 26,Frankfurt,Germany,50.1408673,8.7531729
Rituals Bamberg Grüner Markt,Grüner Markt 26,Bamberg,Germany,49.8939222,10.8896264
Rituals Aachen Rethelstraße,Rethelstraße 1,Aachen,Germany,50.77606825,6.084529637970859
Rituals Berlin Boulevard, Schlossstraße 11,Berlin,Germany,52.5161311,13.295840473357666
Rituals Mainz,Am Brand 9,Mainz,Germany,50.0002699,8.2731158
Rituals Freiburg,Kaiser-Joseph-straße 231,Freiburg,Germany,47.9937846,7.8491092
Rituals Hildesheim, Arnekenstraße 18,Hildesheim,Germany,52.1541513,9.9493745
Rituals Magdeburg Allee-Center,Ernst-Reuter-Allee 11,Magdeburg,Germany,52.12998415,11.637537092153197
Rituals Ingolstadt Village, Otto-Hahn-Straße 1,Ingolstadt,Germany,48.78376645,11.478497764853701
Rituals Hamburger Meile, Hamburger Straße 19-47,Hamburg,Germany,53.5737466,10.0329781
Rituals Weiden Stadtgalerie,Weißenburgstraße 5,Weiden,Germany,49.675444,12.1599522
Rituals Saarlouis,Französische Straße 30,Saarlouis,Germany,49.31405855,6.752325559518176
Rituals Landshut,Theaterstraße 59-60,Landshut,Germany,48.5349268,12.1502497
Rituals Dortmund Thier Galerie, Westenhellweg 102-106,Dortmund,Germany,51.51303485,7.459855768622315
Rituals Heilbronn Stadtgalerie, Deutschhofstraße 19,Heilbronn,Germany,49.1404747,9.2161739
Rituals Leverkusen, Friedrich-Ebert-Platz 2,Leverkusen,Germany,51.032500549999995,6.98867270681035
Rituals Essen Limbecker Platz, Limbecker Platz 1,Essen,Germany,51.458287299999995,7.005871999161786
Rituals Nürnberg Karolinenstraße,Karolinenstraße 27,Nürnberg,Germany,49.4509066,11.0756206
Rituals Passau, Bahnhofstraße 1,Passau,Germany,48.5736654,13.4551956
Rituals Sulzbach MTZ,Main-Taunus-Zentrum 1,Sulzbach (Taunus),Germany,50.117195949999996,8.528576651601284
Rituals Neu Isenburg, Hermesstraße 4,Neu-Isenburg,Germany,50.0499616,8.6994738
Rituals Frankfurt Kaiserstraße,Kaiserstraße 12,Frankfurt,Germany,50.111134,8.67565834385159
Rituals Aschaffenburg City Galerie,Goldbacher Straße 2,Aschaffenburg,Germany,49.9773527,9.1506876
Rituals Düsseldorf Arcaden,Friedrichstraße 133,Düsseldorf,Germany,51.20838985,6.774380736831553
Rituals Dortmund Westenhellweg,Westenhellweg 22,Dortmund,Germany,51.51415185,7.4652283757269275
Rituals Fürth Neue Mitte,Rudolf Breitscheid Straße 7,Fürth,Germany,49.4738607,10.9899084
Attica City Link,Amerikis Str. 4,Athens,Greece,37.9780935,23.7348738
Sephora Psichiko 727,Kifisias 210,Athens,Greece,38.013310130769234,23.783596784615384
Sephora Ermou 720,Ermou 24,Athens,Greece,37.9761593,23.731438482063353
Sephora Glyfada 721,Ioannou Metaxa 33 - 35,Athens,Greece,38.0606256,23.7079079
Sephora Monastiraki 2749,Ermou 66,Athens,Greece,37.9760861,23.7310217
Sephora Peristeri 778,Ethnikis Antistaseos 12,Athens,Greece,38.012613,23.6937023
Sephora Kifissia 770,Levidou 8,Athens,Greece,38.0808915,23.8195852
Sephora Kerkira 798,ALEXANDRAS AV. 27,Kerkyra,Greece,39.6208876,19.9189372
Sephora Larissa 810,Kouma 18,Larisa,Greece,39.6377373,22.4191472
Sephora Patra 1635,Maizonos 72,Patra,Greece,38.2498663,21.7391619
Sephora Rodos 730,Amerikis 4 - 6,Rodos,Greece,36.4091157,28.1159254
Sephora Tsimiski 725,Tsimiski 62,Thessaloniki,Greece,40.6315276,22.944593788807527
Sephora Volos 734,Ermou 131 & El.Venizelou,Volos,Greece,39.361876,22.946338
Douglas Budapest Etele Plaza VST 025,Etele ut 68,Budapest,Hungary,47.464369,19.024108
Douglas Westend 003,Váci út 1-3,Budapest,Hungary,47.5140252,19.0592237
Douglas Váci 004,Váci utca 11/A,Budapest,Hungary,47.4948817,19.0518861
Douglas Árkád 002,Örs Vezér Tere 25,Budapest,Hungary,47.50269,19.1393003
Douglas Budapest Bécsi VST 027,Bécsi út 154,Budapest,Hungary,47.546394,19.0282835
Douglas Koki VST 029,Vak Bottyán u. 75/A-C,Budapest,Hungary,47.4625308,19.1486549
Marionnaud Westend 028,Váci út 1-3,Budapest,Hungary,47.5140252,19.0592237
Marionnaud Árkád 020,Örs vezér tere 25,Budapest,Hungary,47.50269,19.1393003
Marionnaud Campona 004,37-45 Nagytétényi út,Budapest,Hungary,47.4194605,19.0416772
Douglas Pólus Center 010,Szentmihályi út 131,Budapest,Hungary,47.5531413,19.1434579
Marionnaud Pólus 027,Szentmihályi út 131,Budapest,Hungary,47.5531413,19.1434579
Douglas Campona 012,Nagytétényi út 37-43,Budapest,Hungary,47.4059785,19.0146873
Douglas Aréna 013,Kerepesi út 9,Budapest,Hungary,47.498495399999996,19.09186274759765
Marionnaud Rózsakert 022,Gábor Áron utca 74-78/A,Budapest,Hungary,47.5225159,19.0146477
Douglas Mom Park 018,Alkotás u. 53.,Budapest,Hungary,47.4907168,19.023150085813544
Douglas Allee 019,Október huszonharmadika u. 8-10.,Budapest,Hungary,47.4751063,19.04857995840708
Douglas Békéscsaba 016,Andrássy út 37-43.,Békéscsaba,Hungary,46.67685,21.09008
Douglas Debrecen 017,Csapó utca 30.,Debrecen,Hungary,47.5330672,21.6288719
Douglas Dunakeszi VST 023,Nádas utca 6,Dunakeszi,Hungary,47.6068534,19.11605
Marionnaud Dunakeszi 029,Nádas Street 6,Dunakeszi,Hungary,47.6101134,19.1157502
Douglas Eger 014,Törvényház u. 4.,Eger,Hungary,47.9008023,20.3676959
Douglas Kecskemét 008,Korona utca 2.,Kecskemét,Hungary,46.907567900000004,19.688708524949746
Douglas Pécs 006,Bajcsy-Zsilinszky u.11,Pécs,Hungary,46.07195,18.23179
Douglas szeged Árkád 020, Londoni körút 3.,Szeged,Hungary,46.254954,20.1371214
Douglas Szeged 005,Kölcsey utca 5.,Szeged,Hungary,46.2512043,20.1472476
Douglas Szombathely VST 028,Körmendi út 52-54,Szombathely,Hungary,47.22193540000001,16.61671745102612
Douglas Székesfehérvár VST 024,Alba Plaza Palotai út 1,Székesfehérvár,Hungary,47.19062975,18.406494265936995
Douglas Veszprém VST 021, Budapest út 20-28.,Veszprém,Hungary,47.0959533,17.9185041
Rituals Cork, Mahon Point Shopping Centre,Cork,Ireland,51.8861145,-8.395845670050166
Rituals Liffey Valley, Fonthill Road,Clondalkin,Ireland,53.3292268,-6.4063335
Rituals Limerick, Garryowen Mall,Limerick,Ireland,52.6397956,-8.6449527
Rituals Pavilions Swords, Swords Demesne,Dublin,Ireland,53.456948249999996,-6.215354304562817
Rituals Galway,48 William Street,Galway,Ireland,53.2735629,-9.0515102
Rituals Wexford,7 south main street,Wexford,Ireland,52.337531,-6.461218
Rituals Kildare Village,Kildare Village Unit 60,Co. Kildare,Ireland,53.15449625,-6.917438387781136
Rituals Blanchardstown, The Blanchardstown Centre,Blanchardstown,Ireland,53.3907258,-6.39116
Rituals Dundrum, 16 Sandyford Rd,Dundrum,Ireland,53.2856755,-6.2383026
Rituals Grafton Street,81 Grafton street,Dublin,Ireland,53.3418493,-6.2602604545294955
Rituals Kilkenny,Unit 1-3,Kilkenny,Ireland,52.6506255,-7.2514438
Rituals Dundalk,Unit 18,Dundalk,Ireland,54.0046033,-6.4008879
Rituals Athlone,Unit 24,Athlone,Ireland,53.4228434,-7.9425897
Rituals Tallaght,Unit 237,Dublin,Ireland,53.2951053,-6.4740518
Rituals Rozzano Fiordaliso,Via Eugenio Curiel  25,Rozzano (MI),Italy,45.3923116,9.1751077
Rituals Milano Portello,Via Grosotto 7,Milano MI,Italy,45.4903838,9.1463911
Rituals Campi Bisenzio I Gigli,Via San Quirico 165,Campi Bisenzio,Italy,43.846660799999995,11.14344409005161
Rituals Chieti Megalò,via Tirino s.n.c.,Santa Filomena,Italy,37.6151434,13.4349773
Rituals Oriocenter Bergamo,Via Portico 71,Orio al Serio BG,Italy,45.6642625,9.6932055
Rituals Brescia Elnos,Via Luigi Einaudi 5,Brescia- Roncadelle,Italy,45.5330059,10.1628373
Rituals Fidenza Village,Fidenza Village,Fidenza,Italy,44.8838292,10.091114821107903
Rituals Venice Airport,Viale Galileo Galilei 30,Venice,Italy,45.5052345,12.3327116
Rituals Milano Centrale,Piazza Duca d'Aosta 1,Milano,Italy,45.4858518,9.2050161
Rituals Lonato Il Leone,Via Mantova 36,Lonato (BS),Italy,45.4316149,10.514012851604507
Douglas Jelgava Vivo,Vivo,Jelgava,Latvia,56.6475083,23.72643408831266
Douglas Lielupe VST127,Viestura iela 22,Jurmala,Latvia,56.974885,23.8584485
Douglas Ogre, Mednieku iela 23,Ogre,Latvia,56.8252373,24.60329
Douglas Saharova, Saharova iela 20a,Riga,Latvia,56.941604,24.2062842
Douglas Akropole, Maskavas iela 257,Riga,Latvia,56.92235015,24.17774125225845
Douglas Mols VST151,Krasta iela 46,Riga,Latvia,56.9351825,24.1443176
Douglas Damme VST 134,Kurzemes prospekts 1A,Riga,Latvia,56.9538741,24.0379165
Douglas Origo, Stacijas laukums 2,Riga,Latvia,56.946820349999996,24.119723220857512
Douglas Spice Select, Lielirbes iela 29,Riga,Latvia,56.9307024,24.0381661
Douglas Spice, Lielirbes iela 29,Riga,Latvia,56.9307024,24.0381661
Douglas Galleria Riga VST 14000,Dzirnavu iela 67,Riga,Latvia,56.9545369,24.1209359
Douglas Ventspils,Tobago,Ventspils,Latvia,57.38761735,21.580010438180906
Douglas Alytus 257,Santaikos g.34g,Alytus,Lithuania,54.3874543,24.0273453
Douglas Jonava 234,Plento g. 3 D,Jonava,Lithuania,55.0621978,24.2738397
Douglas Mega 255,Islandijos pl. 32,Kaunas,Lithuania,54.93968315,23.892660517758923
Douglas Ozas 248,Ozo g. 18,Vilnius,Lithuania,54.7140547,25.2729213
Douglas Akropolis 207,Ozo g.25,Vilnius,Lithuania,54.71051385,25.26313652418364
Douglas Online 251,L.Zamenhofo g. 3,Vilnius,Lithuania,54.7398308,25.2350849
Douglas Gedimino 253,Gedimino pr. 16,Vilnius,Lithuania,54.6867099,25.2796879
Rituals Luxembourg Auchan Kirchberg, Rue Alphonse Weicker 5,Luxembourg,Luxembourg,49.6337251,6.1684154
Rituals Massen Wemperhardt, Op der Haart 24,Wemperhardt,Luxembourg,50.1478535,6.0566615
Rituals Luxembourg Grand Rue,Grand Rue 53,Luxembourg,Luxembourg,49.6119263,6.12939595703364
Rituals Luxemburg City Concorde, Route de Longwy 80,Bertrange,Luxembourg,49.6010724,6.0648495
Rituals Leeuwarden,Nieuwestad 116,Leeuwarden,Netherlands,53.2005014,5.7942624
Rituals Leiden Haarlemmerstraat,Haarlemmerstraat 118-120,Leiden,Netherlands,52.1601874,4.4927112
Rituals Lisse,Blokhuis 49,Lisse,Netherlands,52.2606737,4.5590668
Rituals Maastricht Grote Staat,Grote Staat 37,Maastricht,Netherlands,50.8497632,5.6906053
Rituals Naaldwijk,De Tuinen 41,Naaldwijk,Netherlands,51.9929487,4.2052872
Rituals Nieuwegein,Passage 29-31,Nieuwegein,Netherlands,52.0287171,5.0812289
Rituals Amsterdam Leidsestraat,Leidsestraat 15,Amsterdam,Netherlands,52.3663186,4.8873936
Rituals Rijswijk,Prins Constantijn Promenade 36,Rijswijk ZH,Netherlands,52.0361542,4.3157302
Rituals Sluis,Kapellestraat 37,Sluis,Netherlands,51.307642,3.3872742
Rituals Groningen Waagstraat,Waagstraat 10-12,Groningen,Netherlands,53.218517,6.5659557
Rituals Hoofddorp,Marktplein 30,Hoofddorp,Netherlands,52.3032797,4.6944202
Rituals Heerlen,Saroleastraat 47-49,Heerlen,Netherlands,50.8888061,5.9772616
Rituals Heerhugowaard,Middenwaard 21,Heerhugowaard,Netherlands,52.6628094,4.829751
Rituals Gouda,Kleiweg 1-3,Gouda,Netherlands,52.0129511,4.7098292
Rituals Heerenveen,Dracht 89,Heerenveen,Netherlands,52.9581189,5.9254334
Rituals Emmen,Picassopassage 14,Emmen,Netherlands,52.7821458,6.8941634
Rituals Heemstede,Binnenweg 130,Heemstede,Netherlands,52.3533702,4.6216925
Rituals Enschede,H.J. van Heekplein 52D,Enschede,Netherlands,52.2185521,6.8979714
Rituals Hoorn,Grote Noord 55,Hoorn,Netherlands,52.6409484,5.0565935
Rituals Bergen,Stationsstraat 1,Bergen,Netherlands,52.6705977,4.7001733
Rituals Apeldoorn,Hoofdstraat 87,Apeldoorn,Netherlands,52.2139541,5.9628855
Rituals Den Haag Fred,Frederik Hendriklaan 214,Den Haag,Netherlands,52.0912963,4.2748956
Rituals Bussum,Nassaulaan 28,Bussum,Netherlands,52.2751177,5.160804
Rituals Doetinchem,Hamburgerstraat 35,Doetinchem,Netherlands,51.9646608,6.2901866
Rituals Bergen op Zoom,Sint Josephstraat 5,Bergen op Zoom,Netherlands,51.4949161,4.2922571
Rituals Breda Houtmarkt,Ginnekenstraat 1,Breda,Netherlands,51.5859564,4.7764917
Rituals Delft,Jacob Gerritstraat 5-7,Delft,Netherlands,52.0109601,4.3599928
Rituals Amstelveen,Binnenhof 70-71,Amstelveen,Netherlands,52.3022197,4.8616871
Rituals Almere Diagonaal,De Diagonaal 18,Almere,Netherlands,52.370512,5.219934
Rituals Amsterdam Oostpoort,Waldenlaan 133,Amsterdam,Netherlands,52.3571407,4.9290378
Rituals Alphen a/d Rijn,Van Mandersloostraat 96,Alphen aan den Rijn,Netherlands,52.1301438,4.6636624
Rituals Amsterdam Beethovenstraat,Beethovenstraat 48H,Amsterdam,Netherlands,52.348644,4.8768926
Rituals Amsterdam Buikslotermeerplein,Buikslotermeerplein 139,Amsterdam,Netherlands,52.3989914,4.9373639
Rituals Amersfoort,Langestraat 30,Amersfoort,Netherlands,52.1549772,5.3887562
Rituals Roermond Designer Outlet,Stadsweide 442,Roermond,Netherlands,51.2004853,5.9862963
Rituals Amsterdam Ferdinand Bolstraat,Ferdinand bolstraat 73,Amsterdam,Netherlands,52.3544645,4.8906458
Rituals Venlo,Vleesstraat 14,Venlo,Netherlands,51.3694855,6.168964
Rituals Roosendaal,Roselaar 9,Roosendaal,Netherlands,51.5307782,4.4544636
Rituals Tiel,Waterstraat 40,Tiel,Netherlands,51.8879233,5.4356799
Rituals Noordwijk,Hoofdstraat 65,Noordwijk,Netherlands,52.2433081,4.4328944
Rituals Wassenaar,Langstraat 93,Wassenaar,Netherlands,52.143287,4.3948081
Rituals Eindhoven Demer,Demer 1A/1B,Eindhoven,Netherlands,51.43999,5.47715
Rituals Rotterdam Centraal Station,Stationsplein 19B,Rotterdam,Netherlands,51.9249212,4.4695217
Rituals Groningen Centraal Station,Stationsplein 3B,Groningen,Netherlands,53.2109104,6.5643961
Rituals Den Bosch Gasselstraat,Gasselstraat 28,'s-Hertogenbosch,Netherlands,51.6882425,5.3056531
Rituals Eindhoven Woensel,Woensel 271,Eindhoven,Netherlands,51.4688863,5.4761425
Rituals Amsterdam Station Zuid,Gustav Mahlerplein 13,Amsterdam,Netherlands,52.3364492,4.8740844
Rituals Amsterdam Amstel Station,Julianapassage 2,Amsterdam,Netherlands,52.3465824,4.9186918
Rituals Leiden Centraal Station,Stationsplein 3B,Leiden,Netherlands,52.1665186,4.4822382
Rituals Veldhoven,Pleintjes 64-66,Veldhoven,Netherlands,51.4194258,5.4070857
Rituals Purmerend,Willem Eggertstraat 29,Purmerend,Netherlands,52.5083543,4.9471411
Rituals Goes,Lange Kerkstraat 2,Goes,Netherlands,51.504028,3.8908932
Rituals Zaandam,Gedempte Gracht 87,Zaandam,Netherlands,52.4389193,4.8192371
Rituals Alkmaar,Langestraat 57,Alkmaar,Netherlands,52.6312974,4.7473589
Rituals Domburg,Markt 5,Domburg,Netherlands,51.5634498,3.497344
Rituals Utrecht Centraal Station,Stationshal 12 C,Utrecht,Netherlands,52.0891846,5.1100677
Rituals Middelburg,Lange Delft 9-11,Middelburg,Netherlands,51.498591,3.6151314
Rituals Beek,Wethouder Sangersstraat 184,Beek,Netherlands,50.9493375,5.7938657
Rituals Zwolle,Diezerstraat 68-70,Zwolle,Netherlands,52.5127889,6.0966943
Rituals Haarlem,Barteljorisstraat 33,Haarlem,Netherlands,52.3822929,4.635241
Rituals Nijmegen,Broerstraat 52A,Nijmegen,Netherlands,51.846172,5.8641599
Rituals Harderwijk,Donkerstraat 50B,Harderwijk,Netherlands,52.3493791,5.6180995
Rituals Schiphol Holland Boulevard,Schiphol,Schiphol,Netherlands,52.3083134,4.7475751
Rituals Rotterdam Forum,Lijnbaan 112,Rotterdam,Netherlands,51.919034,4.4780781
Rituals Schiphol Lounge 3,Evert van Beekstraat 202,Schiphol,Netherlands,52.3038972,4.7479076
Rituals Arnhem Ketelstraat,Ketelstraat 35,Arnhem,Netherlands,51.981992,5.9093605
Rituals Almere Stationsstraat,Stationsstraat 44,Almere,Netherlands,52.3728775,5.2199664
Rituals Dordrecht,Statenplein 42A,Dordrecht,Netherlands,51.8137704,4.6687582
Rituals Hilversum,Kerkstraat 20,Hilversum,Netherlands,52.2257338,5.176351
Rituals Arnhem Kronenburg,Kronenburgpassage 94A,Arnhem,Netherlands,51.959388450000006,5.895956470075583
Rituals Gorinchem,Gasthuisstraat 5,Gorinchem,Netherlands,51.8302252,4.9748475
Rituals Deventer,Lange Bisschopstraat 71,Deventer,Netherlands,52.2540888,6.1583806
Rituals Zutphen,Beukerstraat 30,Zutphen,Netherlands,52.141549,6.1971367
Rituals Winterswijk,Misterstraat 40,Winterswijk,Netherlands,51.9709035,6.7171767
Rituals Capelle ad IJssel Centrumpassage,Centrumpassage 124,Capelle aan den IJssel,Netherlands,51.9315862,4.5893959
Rituals Amsterdam House of Rituals,Spui 10,Amsterdam,Netherlands,52.3689746,4.8905509
Rituals Rotterdam Alexandrium,Poolsterstraat 116 - 120,Rotterdam,Netherlands,51.9508781,4.5526777
Rituals Oss,Heuvelstraat 17,Oss,Netherlands,51.7686651,5.5241854
Rituals Utrecht Leidsche Rijn,Praagpromenade 2,Utrecht,Netherlands,52.0974137,5.064784
Rituals Den Bosch Vughterstraat,Vughterstraat 1,'s-Hertogenbosch,Netherlands,51.6878415,5.3019815
Rituals Assen,Mercuriusplein 50,Assen,Netherlands,52.9955595,6.5596889
Rituals Rotterdam Zuidplein,Zuidplein hoog 679,Rotterdam,Netherlands,51.8866678,4.490937
Rituals Rotterdam Meent,Meent 95,Rotterdam,Netherlands,51.9224122,4.4828311
Rituals Roermond,Steenweg 11-13,Roermond,Netherlands,51.1939022,5.9871736
Rituals Drachten,Zuiderbuurt 19,Drachten,Netherlands,53.106016,6.0985054
Rituals Utrecht Hoog Catharijne,Boven Vredenburgpassage 116,Utrecht,Netherlands,52.0910528,5.1116138
Rituals Laren,Sint Janstraat 14,Laren,Netherlands,52.2547332,5.2264749
Rituals Amsterdam Utrechtsestraat,Utrechtsestraat 84 hs,Amsterdam,Netherlands,52.3621325,4.8990592
Rituals Oisterwijk,De Lind 37,Oisterwijk,Netherlands,51.5810519,5.1966449
Rituals Waalwijk,Stationsstraat 7a,Waalwijk,Netherlands,51.6897105,5.0669115
Rituals Uden,Marktstraat 24,Uden,Netherlands,51.6575423,5.6143145
Rituals Zeist,Slotlaan 168,Zeist,Netherlands,52.0856,5.2444854
Rituals Weert,Muntpassage 2,Weert,Netherlands,51.2536349,5.7053122
Rituals Amsterdam Gelderlandplein,Gelderlandplein 80,Amsterdam,Netherlands,52.3314642,4.8775557
Rituals Zoetermeer,Westwaarts 70,Zoetermeer,Netherlands,52.0610929,4.4862518
Rituals Helmond,Veestraat 25,Helmond,Netherlands,51.4789347,5.6539083
Rituals Utrecht Steenweg,Steenweg 69,Utrecht,Netherlands,52.0908703,5.1166923
Rituals Spijkenisse,Stadhuispassage 6,Spijkenisse,Netherlands,51.8486763,4.328695
Rituals Tilburg,Heuvelstraat 30,Tilburg,Netherlands,51.5565878,5.0880234
Rituals Sneek,Oosterdijk 45,Sneek,Netherlands,53.0334118,5.6636099
Rituals Volendam,Zeestraat 5,Volendam,Netherlands,52.493454,5.0744004
Rituals Veenendaal,Hoofdstraat 20,Veenendaal,Netherlands,52.0262918,5.5554315
Rituals Utrecht Nachtegaalstraat,Nachtegaalstraat 60,Utrecht,Netherlands,52.0919659,5.131134
Rituals Lillehammer Strandtorget,Strandpromenaden 85,Lillehammer,Norway,61.114483,10.449098
Rituals Trondheim Sirkus Shopping,Falkenborgvegen 1,Trondheim,Norway,63.4367885,10.4550332
Rituals Sandefjord Hvaltorvet Senter,Torget 7,Sandefjord,Norway,59.1300945,10.225454183208203
Rituals Molde Storgata,Storgata 46,Molde,Norway,62.737546,7.160232
Rituals Lambertseter Senter,Cecilie Thoresens vei 17,Oslo,Norway,59.874914,10.810462
Rituals Kongsberg Stortorvet Senter,Storgata 28,Kongsberg,Norway,59.670342,9.651505
Rituals Drammen Magasinet,Nedre Storgate 6,Drammen,Norway,59.742854,10.206752
Rituals Trondheim City Syd,Østre Rosten 28-30,Tiller,Norway,63.3597607,10.3793644
Rituals Bodø Glasshuset,Storgata 14,Bodø,Norway,67.2837629,14.3802486
Rituals Stavanger Søregata 15,Søregata 15,Stavanger,Norway,58.9709273,5.7336651
Rituals Bodø City Nord,Stormyrveien 20,Bodø,Norway,67.2776496,14.422654
Rituals Oslo Storo Storsenter,Vitaminveien 7-9,Oslo,Norway,59.946415,10.7746611
Rituals Bergen Vestkanten,Loddefjordveien 2,Loddefjord,Norway,60.3632202,5.2336282
Rituals Vinterbro,Sjøskogenveien 7,Vinterbro,Norway,59.7397337,10.7712965
Rituals Nyborg Horisont,Myrdalsvegen 2,Nyborg,Norway,60.4704078,5.3231595
Rituals Lørenskog Triaden,Gamleveien 88,Rasta,Norway,59.918615,10.953523
Rituals Stavanger Kilden Kjøpesenter,Gartnerveien 15,Stavanger,Norway,58.9481535,5.7408119
Rituals Oslo City,Stenersgata 1,Oslo,Norway,59.913019,10.752907
Rituals Mosseporten,Patterødveien 2,Moss,Norway,59.4462476,10.7032399
Rituals Bryne M44,Jupitervegen 2,Bryne,Norway,58.7355969,5.6401244
Rituals Bergen Oasen Senter,Folke Bernadottes vei 52,Fyllingsdalen,Norway,60.348956,5.291796
Rituals Tromsø Jekta Storsenter,Karlsøyvegen 12,Tromsø,Norway,69.6742551,18.9264972
Rituals Alti Arendal,Vesterveien 4,Arendal,Norway,58.459492,8.763462
Rituals Kristiansand Sørlandssenteret,Barstølveien 29-35,Kristiansand,Norway,58.1750651,8.1278724
Rituals Hafrsfjord Madla,Madlakrossen 7,Hafrsfjord,Norway,58.952472,5.680728
Rituals Trondheim Torg,Kongens gate 9,Trondheim,Norway,63.430362,10.393718
Rituals Tromsø Nerstranda Senter,Strandgata 9,Tromsø,Norway,69.646272,18.9536401
Rituals Rådal Lagunen Storsenter,Laguneveien 1,Rådal,Norway,60.2968652,5.3311546
Rituals Lørenskog Metro,Bibliotekgata 30,Lørenskog,Norway,59.927567,10.958371
Rituals Jessheim Storsenter,Storgata 6,Jessheim,Norway,60.1427605,11.1718341
Rituals Asker Trekanten,Knud Askers vei 26,Asker,Norway,59.8366821,10.4341973
Rituals Lillestrøm Torv,Torvet 6,Lillestrøm,Norway,59.9560264,11.0487324
Rituals Strømmen Storsenter,Støperiveien 5,Strømmen,Norway,59.947108,11.007533
Rituals Gjøvik CC Gjøvik,Jernbanesvingen 6,Gjøvik,Norway,60.7999907,10.6936348
Rituals Bergen Galleriet,Torgalmenningen 8,Bergen,Norway,60.39255645,5.324059228185822
Rituals Drammen Gulskogen,Gulskogen Senter,Drammen,Norway,59.7428995,10.156826850772516
Rituals Sarpsborg Saga Storbyen,Roald Amundsens gate 36,Sarpsborg,Norway,59.2833257,11.1075069
Rituals Straume Sartor Storsenter, Sartorvegen 12,Straume,Norway,60.3584954,5.1240759
Rituals Oslo Aker Brygge,Grundingen 6,Oslo,Norway,59.910636,10.727314
Rituals Oslo Valkyriegaten,Valkyriegata 5,Oslo,Norway,59.928402,10.718324
Rituals Ski Storsenter,Jernbanesvingen 6,Ski,Norway,59.716364,10.835714
Rituals Fredrikstad Torvbyen,Brochs gate 7-11,Fredrikstad,Norway,59.2138343,10.9366608
Rituals Sandnes Kvadrat,Gamle Stokkavei 1,Sandnes,Norway,58.8762653,5.7217727
Rituals Oslo Sandvika,Brodtkorbsgate 7,Sandvika,Norway,59.890583,10.519496
Rituals Oslo Fornebu S.,Snarøyveien 55,Fornebu,Norway,59.8935166,10.6207603
Rituals Rolvsøy Østfoldhallen,Dikeveien 28,Rolvsøy,Norway,59.251569,10.993056
Rituals Maxi Sandnes,Gravarsveien 7,Sandnes,Norway,58.8482273,5.739652
Rituals AMFI Alta,Markedsgata 21-25,Alta,Norway,69.9658491,23.2705182
Rituals AMFI Narvik,Bolagsgata 1,Narvik,Norway,68.438025,17.422916
Rituals Halden Tista Senter,Walkers Gate 4,Halden,Norway,59.1215776,11.3814577
Rituals Harstad AMFI Kanebogen,Skilleveien 5,Harstad,Norway,68.778835,16.565492
Rituals Warszawa - Westfield Arkadia, al. Jana Pawla II 82,Warszawa,Poland,52.25723,20.984573513195777
Rituals Warszawa - Blue City,al. Jerozolimskie 179,Warszawa,Poland,52.21285725,20.955848556337806
Rituals Szczecin - Galaxy,al. Wyzwolenia 18-20,Szczecin,Poland,53.4348576,14.553894
Rituals Lublin Felicity,al. Wincentego Witosa 32,Lublin,Poland,51.23224035,22.613358536976378
Rituals Opole Solaris,plac Kopernika 16,Opole,Poland,50.6696964,17.9268314
Rituals Warsaw Janki CH Janki,Mszczonowska 3,Janki,Poland,52.1352117,20.890258837478534
Rituals Leszno Galeria Leszno,Al. Konstytucji 3 Maja,Leszno,Poland,51.8520546,16.5913448
Rituals Lublin VIVO!,al. Unii Lubelskiej 2,Lublin,Poland,51.250459899999996,22.5760783429215
Rituals Warsaw Wola Park,ul. Górczewska 124,Warszawa,Poland,52.2371732,20.9711742
Rituals Kielce Galeria Korona Kielce, Warszawska 26,Kielce,Poland,50.8759209,20.6363149
Rituals Katowice Silesia City Center,Chorzowska 107,Katowice,Poland,50.2702898,19.0087275
Rituals Amadora Ubbo,Av. Cruzeiro Seixas 5,Amadora,Portugal,38.7792428,-9.2197687
Rituals Vila Real Nosso Shopping,Alameda de Grasse,Vila Real,Portugal,41.2985231,-7.734252435505633
Rituals Funchal Madeira Shopping,Caminho Santa Quitéria 45,Funchal,Portugal,32.659243,-16.9504354
Rituals Matosinhos Norteshopping, R. Sara Afonso 105-117,Senhora de Hora Matosinhos,Portugal,41.1808019,-8.6549728
Rituals Oeiras Parque, Av. António Bernardo Cabral de Macedo 2770-219,Oeiras,Portugal,38.7038945,-9.3008972
Rituals Braga Parque,Quinta dos Congregados,Braga,Portugal,41.5579065,-8.4114546
Rituals Lisboa Aeroporto,Aeroporto Humberto Delgado,Lisboa,Portugal,38.7809542,-9.131900592219496
Rituals Portimao Aqua,Aqua Portimão - Rua de Sao Pedro,Portimao,Portugal,37.1470306,-8.543180019810665
Rituals Lisboa Vasco da Gama,Av. Dom João II 40,Lisboa,Portugal,38.76766895,-9.096836454770807
Rituals Lisboa Avenida Liberdade,Avenida da Liberdade 36b,Lisboa,Portugal,38.7247492,-9.1497074
Rituals Porto Santa Catarina,Rua de Santa Catarina 361-365,Porto,Portugal,41.1566451,-8.6046039
Rituals Cascais Shopping,Cascaishopping,Alcabideche,Portugal,38.7387653,-9.4012906
Rituals Coimbra Forum,Av. José Bonifácio de Andrade e Silva,Coimbra,Portugal,40.2030353,-8.4445763
Rituals Lisboa Amoreiras,Amoreiras Shopping Center,Lisboa,Portugal,38.72312925,-9.162238873004423
Rituals Gaia, av. Dos descobrimentos 549,Vila Nova de Gaia,Portugal,41.1179698,-8.62070689942777
Sephora Usce Mall,6 Mihaila Pupina,Belgrade,Serbia,44.4817537,20.66199406725572
Sephora Galerija Belgrade 2816,Bulevar Vudroa Vilsona 12,Belgrade,Serbia,44.802609,20.4447136
Sephora Novi Sad,Bulevar Mihajla Pupina 1,Novi Sad,Serbia,45.25375475,19.844540039167807
Rituals Bratislava Bory Mall,Lama? 6780,Bratislava,Slovakia,48.1944543,17.0534932
Rituals Bratislava Nivy,Mlynské Nivy 16,Bratislava,Slovakia,48.1458877,17.1272274
Rituals Bratislava Eurovea,Pribinova 10,Bratislava,Slovakia,48.1393982,17.124481283254585
Douglas Planet Koper P205,Ankaranska Cesta 2,Koper,Slovenia,45.5393761,13.7353778
Douglas Ljubljana, Kongresni trg 4,Ljubljana,Slovenia,46.05057035,14.505014865967238
Douglas Citypark Ljubljana P202,Moskovska ulica 4,Ljubljana,Slovenia,46.0655817,14.5484533
Rituals Madrid Parque Corredor,C. Ajalvir,Torrejón de Ardoz,Spain,40.4617226,-3.4803783
Rituals Sevilla Nervion Plaza,C. Luis de Morales 3,Sevilla,Spain,37.3839642,-5.9726643
Rituals Madrid Principe Pio,P.º de la Florida 2,Madrid,Spain,40.42214575,-3.720496401786371
Rituals Madrid Plenilunio,C. de Aracne,Madrid,Spain,40.4487982,-3.5859141
Rituals Ondara Portal de la Marina,"Av. Costa Blanca, 1",Ondara,Spain,38.8179462,0.0225414
Rituals Almería Mediterráneo,Av. del Mediterráneo 55-56,Almería,Spain,37.1848175,-1.8222374
Rituals Málaga Larios,Calle Marqués de Larios 14,Málaga,Spain,36.7186425,-4.4215857
Rituals Tenerife Meridiano,C.C. Meridiano,Tenerife,Spain,27.8128164,-17.9165384
Rituals Toledo Luz del Tajo,Av. del Río Boladiez,Toledo,Spain,39.8699337,-3.9347709
Rituals Barcelona Arenas,Gran Via de les Corts Catalanes 373-385,Barcelona,Spain,41.3762958,2.1493046396153845
Rituals A Coruña Marineda City,C. C. Marineda 43,A Coruña,Spain,43.3455264,-8.4286927
Rituals Vigo Gran Vía,Rúa do Miradoiro 2, Pontevedra,Spain,42.2207155,-8.7249094
Rituals Elche L'Aljub,Centro Comercial L'Aljub 7,Elche-Alicante,Spain,38.2627191,-0.7205320297318436
Rituals Sevilla Lagoh,Avenida Palmas Altas s/n,Sevilla,Spain,37.3459874,-5.9903094
Rituals Madrid La Vaguada,Avda. Monforte de Lemos 36,Madrid,Spain,40.4798212,-3.7082642
Rituals Madrid Goya 73,Calle Goya 73,Madrid,Spain,40.4256017,-3.6897439
Rituals Logroño,Calle San Anton 12,Logroño,Spain,42.4631862,-2.4471322
Rituals Barcelona Anec Blau,Av. del Canal Olímpic 24,Barcelona,Spain,41.28317395,1.9871872399345363
Rituals Zaragoza Independencia,Paseo Independencia 22,Zaragoza,Spain,41.650258,-0.883267
Rituals Malaga Centro Comercial Larios,Avenida de la Aurora 25,Málaga,Spain,36.7161118,-4.4319392
Rituals Bilbao Gran Via,Gran Via Don Diego Lopez De Haro 6,Bilbao,Spain,43.2617976,-2.9287261
Rituals Salamanca Toro,Calle Toro 50,Salamanca,Spain,40.9669466,-5.6620771
Rituals Reus,c/ Monterols nº 34,Reus,Spain,41.1554945,1.1078624
Rituals Madrid Fuencarral 22,c/ Fuencarral nº 22,Madrid,Spain,40.4333131,-3.7041275
Rituals Vitoria,C/ General Alava 16,Vitoria- Gasteiz,Spain,42.8448476,-2.6717663
Rituals Barcelona Portal de l'Angel,Avinguda del Portal de l'Angel 36,Barcelona,Spain,41.3865586,2.1721935
Rituals Cartagena Espacio Mediterraneo,Centro comercial Espacio Mediterraneo,Cartagena,Spain,37.6264101,-0.9505649938417089
Rituals Tarragona Parc Central,Av. Vidal i Barraquer 15-17,Tarragona,Spain,41.1470719,1.1096103
Rituals León Alcazar de Toledo,Alcazar de Toledo nº1,León,Spain,42.5989644,-5.5760094
Rituals Las Palmas Alisios,C/ Hermanos Domínguez Santana,Las Palmas de Gran Canaria,Spain,28.0938054,-15.4752684
Rituals Gijón Corrida,Calle Corrida 42,Gijón,Spain,43.5426601,-5.664193
Rituals Valladolid Rio Shopping,C. Me Falta un Tornillo 3,Valladolid,Spain,41.62938335,-4.790593683731814
Rituals Madrid Orense 6,C. Orense 6,Madrid,Spain,40.4878111,-3.3527133277570504
Rituals Girona Espai Girones,Camí dels Carlins 10,Salt,Spain,41.9665474,2.7831073
Rituals Las Palmas GC Triana,C. Triana 106,Las Palmas de Gran Canaria,Spain,28.107166,-15.416686441004938
Rituals Madrid Espacio Caleido,P.º de la Castellana 259,Madrid,Spain,40.4777128,-3.68944
Rituals Barcelona Diagonal 550,Avda. Diagonal 550,Barcelona,Spain,41.3945878,2.1507929
Rituals Madrid H2O,C. Marie Curie  4,Madrid,Spain,40.5446874,-3.6915614
Rituals Las Palmas El Mirador,Av. Santa Rita de Casia 5,Las Palmas de Gran Canaria,Spain,28.0335996,-15.4130732
Rituals Benidorm Finestrat La Marina,Avinguda País Valencià 2,Finestrat- Benidorm,Spain,38.5385042,-0.1707599
Rituals Pozuelo Zielo Shopping,Av. de Europa 26b,Pozuelo de Alarcón,Spain,40.441325,-3.784078381660198
Rituals Alicante Maisonnave,Avenida Maisonnave 30,Alicante,Spain,38.3434244,-0.4901335
Rituals Palma de Mallorca Sant Miquel,Carrer Sant Miquel 9,Palma de Mallorca,Spain,39.5558084,2.6941408
Rituals Valencia El Saler,Av. del Professor López Piñero 16,Valencia,Spain,39.4535891,-0.3538114
Rituals Valencia Bonaire,Carretera A-3,Valencia,Spain,38.0793629,-0.9340833
Rituals Murcia,Gran Vía Salzillo 14,Murcia,Spain,37.9879448,-1.1321631
Rituals Madrid Xanadu,C. Puerto de Navacerrada,Arroyomolinos,Spain,40.3011573,-3.9224086
Rituals Alicante Plaza Mar II,Centro Comercial Plaza Mar 2,Alicante,Spain,38.354503199999996,-0.47151410996838594
Rituals Fuengirola Miramar,Centro comercial Miramar,Fuengirola,Spain,36.527319399999996,-4.63285960283501
Rituals Madrid Parquesur,Centro Comercial Parquesur. Avda Gran Bretaña,Leganés,Spain,40.339399150000006,-3.7348622341189626
Rituals Madrid Fuencarral 133,C. Fuencarral 133,Madrid,Spain,40.4317143,-3.7037485
Rituals Terrassa,Plaça Vella 3,Terrassa,Spain,41.5619864,2.0111621731791027
Rituals Granada Nevada,Calle Hipócrates,Granada,Spain,37.2000537,-3.6260381
Rituals Barcelona Splau,Av. del Baix Llobregat, Barcelona,Spain,41.3754725,1.9091258
Rituals Santander Vallereal, Calle Alday,Maliaño,Spain,43.4255764,-3.8381132
Rituals Barcelona Diagonal Mar,Avinguda Diagonal 3,Barcelona,Spain,41.3921,2.14477
Rituals Barcelona L'illa, planta -1,Barcelona,Spain,41.3111029,2.0261547
Rituals Madrid Las Rozas Village, C/ Juan Ramón Jiménez 3, Madrid,Spain,40.292206699999994,-3.7481234483870938
Rituals Vitoria Boulevard, C/ Zaramaga 1,Vitoria - Gasteiz,Spain,42.8623846,-2.6695112
Rituals Barcelona Mataró Parc,Carrer Estrasburg 5,Mataró,Spain,41.55508655,2.435066331716712
Rituals Orihuela La Zenia,Centro Comercial la Zenia. Jade 2,Orihuela Costa - Alicante,Spain,37.9298947,-0.7337809
Rituals Platja d'Aro,Avinguda De S´Agaro 41-43,Platja d'Aro,Spain,41.8077218,3.0574476
Rituals Madrid La Gavia,Calle Adolfo Bioy Casares 2,Madrid,Spain,40.3681008,-3.5989942
Rituals Barcelona Rambla de Catalunya,Rambla de Catalunya 62,Barcelona,Spain,41.3914674,2.1633059
Rituals Madrid Plaza Norte,Pl. del Comercio 11-12,San Sebastián de los Reyes,Spain,40.5440507,-3.610815
Rituals Valencia Colon,Calle Colón 28,Valencia,Spain,38.7553082,-0.1086315
Rituals San Sebastian Loiola,Loiola Kalea 2,San Sebastian,Spain,43.3077002,-1.9815117317289273
Rituals Santander,calle Juan de Herrera nº 13,Santander,Spain,43.2567802,-4.0697927
Rituals Roquetas Gran Plaza, Av de Alicun,Roquetas de Mar,Spain,36.7787038,-2.6098334
Rituals Sevilla,C. Tetuan nº 8,Sevilla,Spain,37.6543628,-5.5331567
Rituals Valladolid,Calle Santiago 27,Valladolid,Spain,41.5569626,-5.2057123
Rituals Granada,C/ Recogidas 19,Granada,Spain,37.1720814,-3.6020195
Rituals Sant Cugat, Via Augusta 2-14,Sant Cugat del Valles,Spain,41.4835522,2.0532857
Rituals Oviedo,Calle Doctor Casal nº 4,Oviedo,Spain,43.3651641,-5.8504594
Rituals Girona,C/ Joan Maragall 10,Girona,Spain,41.9696971,2.6198471
Rituals Karlskrona Ronnebygatan,Ronnebygatan 47,Karlskrona,Sweden,56.1620496,15.5851722
Rituals Borås Pallas Shopping,Lilla Brogatan 14,Borås,Sweden,57.7195713,12.9362211
Rituals Helsingborg Kullagatan,Kullagatan 8,Helsingborg,Sweden,56.0475732,12.6941246
Rituals Skövde Commerce,Hertig Johans Torg 4,Skövde,Sweden,58.3899856,13.8449988
Rituals Linköping I-Huset,Västra Svedengatan 7,Linköping,Sweden,58.4333284,15.5850923
Rituals Eskilstuna Tunapark,Gunborg Nymans väg 2,Eskilstuna,Sweden,59.371334700000006,16.470324030814098
Rituals Norrköping Ingelsta,Koppargatan 20,Norrköping,Sweden,58.6186761,16.1556041
Rituals Visby Galleria,Österväg 9,Visby,Sweden,57.6375927,18.3011171
Rituals Gävle Valbo Köpcentrum,Valbovägen 307-309,Valbo,Sweden,60.6337605,16.9941874
Rituals Sundsvall Birsta,Gesällvägen 1,Sundsvall,Sweden,62.4469816,17.3362429
Rituals Kristianstad Boulevard,Östra Boulevarden 3,Kristianstad,Sweden,56.0299971,14.1588208
Rituals Stockholm Skrapan, Götgatan 78,Stockholm,Sweden,59.3120319,18.0740049
Rituals Linköping Tanneforsgatan,Tanneforsgatan 3,Linköping,Sweden,58.4102468,15.6232876
Rituals Östersund Mittpunkten,Kyrkgatan 66,Östersund,Sweden,63.1758144,14.638548
Rituals Strömstad Nordby,Nordby Köpcentrum,Strömstad,Sweden,59.0640782,11.207656225490062
Rituals Uddevalla Torp Köpcentrum,Torp Köpcentrum,Uddevalla,Sweden,58.35350205,11.810891980203541
Rituals Stockholm Liljeholmstorget,Nybohovsbacken 38,Stockholm,Sweden,59.3093175,18.0223283
Rituals Jönköping Östra Storgatan,Östra Storgatan 13A,Jönköping,Sweden,57.7823564,14.1726213
Rituals Nyköping Västerport,Västra Storgatan 14,Nyköping,Sweden,58.751374,17.0045861
Rituals Västerås Igor Gallerian,Vasagatan 25,Västerås,Sweden,59.611872,16.5444732
Rituals Nacka Sickla Köpkvarter,Sickla Galleria,Nacka,Sweden,59.30595225,18.12567459140662
Rituals Danderyds Centrum,Golfvägen 8,Danderyd,Sweden,59.3986824,18.0366914
Rituals Västerås Erikslund,Krankroksgatan 17,Västerås,Sweden,59.6095777,16.4533126
Rituals Löddeköpinge Center Syd,Marknadsvägen 7,Löddeköpinge,Sweden,55.76906,12.9903735
Rituals Stockholm Gallerian,Hamngatan 37,Stockholm,Sweden,59.3324489,18.0671581
Rituals Stockholm Mall of Scandinavia,Råsta Strandväg 19A,Solna,Sweden,59.3710483,18.0032349
Rituals Borlänge Kupolen,Kupolen 53,Borlänge,Sweden,60.48431735,15.41807931125
Rituals Kungsbacka Hede Fashion Outlet,Kungsparksvägen 80,Kungsbacka,Sweden,57.5133775,12.0726469
Rituals Kalmar Baronen,Skeppsbrogatan 12,Kalmar,Sweden,56.6610109,16.3652994
Rituals Växjö Tegnér,Storgatan 36 - 40,Växjö,Sweden,56.8787608,14.7865834
Rituals Kristianstad C4,Fundationsvägen 17,Kristianstad,Sweden,56.0265768,14.2066528
Rituals Skellefteå Citykompaniet,Nygatan 50,Skellefteå,Sweden,64.749932,20.9544424
Rituals Luleå Strandgallerian,Storgatan 33,Luleå,Sweden,65.5844588,22.150574
Rituals Falun Bergströms Galleria,Holmgatan 20,Falun,Sweden,60.6062783,15.631236
Rituals Halmstad Hallarna,Prästvägen 1,Halmstad,Sweden,56.655400900000004,12.910221483409728
Rituals Alingsås Storken,Kungsgatan 29,Alingsås,Sweden,57.9307093,12.529348
Rituals Trollhättan SIBA-Huset,Ladugårdsvägen 12,Trollhättan,Sweden,58.3136278,12.3106014
Rituals Varberg Galleria Trädgården,Västra Vallgatan 2,Varberg,Sweden,57.1026336,12.2477563
Rituals Örnsköldsvik Oskargallerian,Lasarettsgatan 20,Örnsköldsvik,Sweden,63.2913805,18.712305
Rituals Umeå Avion Shopping,Marknadsgatan 3,Umeå,Sweden,63.807101,20.2559325
Rituals Karlstad Mitt i City,Järnvägsgatan 14,Karlstad,Sweden,59.37990565,13.500561783760684
Rituals Göteborg Nordstan,Postgatan 26-32,Göteborg,Sweden,57.7090971,11.9702305
Rituals Lund City,Lilla Fiskaregatan 9,Lund,Sweden,55.7032259,13.1904723
Rituals Stockholm Mood,Regeringsgatan 48,Stockholm,Sweden,59.3344005,18.0679551
Rituals Norrköping Linden, Drottninggatan 41,Norrköping,Sweden,58.5876602,16.188735
Rituals Jönköping Asecs,Kompanigatan 16,Jönköping,Sweden,57.7731067,14.2055889
Rituals Kungsbacka Kungsmässan,Borgmästaregatan 5,Kungsbacka,Sweden,57.4912335,12.0767091
Rituals Kungälv Kongahälla Center,Älvebacken 1,Kungälv,Sweden,57.8741759,11.9670309
Rituals Uppsala Forumgallerian,Forumtorget,Uppsala,Sweden,59.8581032,17.64016566459514
Rituals Södertälje Kringlan,Storgatan 4,Södertälje,Sweden,59.1959705,17.628425
Rituals Vällingby Centrum,Pajalagatan 32,Vällingby,Sweden,59.362276,17.8749793
Rituals Göteborg Kungsgatan,Kungsgatan 51,Göteborg,Sweden,57.7044813,11.9672181
Rituals Gävle Gallerian Nian,Drottninggatan 9,Gävle,Sweden,60.6735659,17.1388393
Rituals Växjö Grand Samarkand,Hejaregatan 32,Växjö,Sweden,56.8841191,14.7661553
Rituals Stockholm Skärholmen,Bredholmsgatan 4,Skärholmen,Sweden,59.2747598,17.9064915
Rituals Göteborg Allum,Kyrktorget 19-21,Partille,Sweden,57.7395888,12.106025954814005
Rituals Halmstad Brogatan,Brogatan 14,Halmstad,Sweden,56.674811,12.8566685
Rituals Uppsala Gränbystaden,Marknadsgatan 1,Uppsala,Sweden,59.8759749,17.6742641
Rituals Stockholm Centralstation,Centralplan,Stockholm,Sweden,59.330432900000005,18.05896916195254
Rituals Örebro Vågen,Våghustorget,Örebro,Sweden,59.2696258,15.2112276
Rituals Malmö Mobilia Galleria,Per Albin Hanssons väg 40,Malmö,Sweden,55.5805554,13.0042761
Rituals Nova Lund,Företagsvägen 10,Lund,Sweden,55.7136112,13.1599272
Rituals Göteborg Frölunda Torg,Frölunda Torg,Västra Frölunda,Sweden,57.6527834,11.9115297
Rituals Karlstad Bergvik Galleria,Frykmans Väg 1,Karlstad,Sweden,59.37741045,13.425657898917237
Rituals Umeå Utopia,Kungsgatan 67,Umeå,Sweden,63.8220072,20.284547
Rituals Örebro Marieberg,Säljarevägen 1,Örebro,Sweden,59.2172974,15.137954445952253
Rituals Stockholm Kungens Kurva,Modulvägen 6C,Kungens Kurva,Sweden,59.2694759,17.9144993
Rituals Stockholm Farsta Centrum,Kroppaplan 10,Farsta,Sweden,59.243526599999996,18.093487393020233
Rituals Stockholm Kista Galleria,Kista Galleria,Kista,Sweden,59.403178,17.944290930195
Rituals Stockholm Sollentuna Centrum,Sollentunavägen 163,Sollentuna,Sweden,59.4278582,17.9514209
Rituals Ödåkra Väla Centrum,Marknadsvägen 9,Ödåkra,Sweden,56.09153,12.75698
Rituals Stockholm Nacka Forum,Forumvägen 12,Nacka,Sweden,59.3091157,18.1646107
Rituals Stockholm Fältöversten,Karlaplan 13,Stockholm,Sweden,59.3388767,18.0908655
Rituals Uppsala St Per Gallerian,Svartbäcksgatan 7-11,Uppsala,Sweden,59.8600075,17.6368113
Rituals Malmö Emporia,Hyllie Boulevard 19,Malmö,Sweden,55.5642818,12.973213804170973
Rituals Malmö Triangeln,Södra Förstadsgatan 41,Malmö,Sweden,55.5956064,13.0023363
Rituals Stockholm Sturegallerian,Stureplan 6,Stockholm,Sweden,59.33637225,18.072502389492445
Rituals Geneve Centre Balexert, Avenue Louis-Casai 27,Vernier Genève,Switzerland,46.217976,6.1134563
Rituals Basel SBB, Güterstrasse 115,Basel,Switzerland,47.5465089,7.588861090632472
Rituals Vevey Centre Manor, Avenue du Général-Guisan 15,Vevey,Switzerland,46.4634044,6.8405575
Rituals Solothurn Hauptgasse,Hauptgasse 21,Solothurn,Switzerland,47.3499061,7.9036408
Rituals Thun Bälliz,Bälliz 40,Thun,Switzerland,46.7584945,7.627089511509499
Rituals Bern Spitalgasse,Spitalgasse 27,Bern,Switzerland,46.9479086,7.4421214
Rituals Sion,Place du Midi 36,Sion,Switzerland,46.2313779,7.3616919
Rituals Zürich Sihlcity, Kalanderplatz 1,Zürich,Switzerland,47.3578557,8.5235326
Rituals Lausanne,Place de la Palud 14,Lausanne,Switzerland,46.5229072,6.6321758
Rituals Genève Rue du Marche,Rue du Marché 2,Genève,Switzerland,46.2033429,6.1455564
Rituals Neuchatel,Rue de l'Hopital 18,Neuchatel,Switzerland,46.99195885,6.9297945908214285
Rituals Carouge La Praille, Route des Jeunes 10,Grand-Lancy,Switzerland,46.1794646,6.1277921
Rituals Chur Steinbock, Bahnhofstraße 4,Chur,Switzerland,46.8528032,9.5302327
Rituals Baden Schlossbergplatz, Schlossbergplatz 5,Baden,Switzerland,47.4734166,8.3075523
Rituals Pfäffikon Seedamm Center, Gwattstrasse 11,Pfäffikon,Switzerland,47.2005339,8.7937944
Rituals Emmen Center, Stauffacherstrasse 1,Emmenbrücke,Switzerland,47.0746707,8.2866973
Rituals Zug Metalli, Baarerstrasse 14,Zug,Switzerland,47.1724009,8.5168358
Rituals Zuerich Bahnhofstrasse,Bahnhofstrasse 100,Zuerich,Switzerland,47.3761738,8.5397139
Rituals Biel Nidaugasse,Nidaugasse 54,Biel,Switzerland,47.1372505,7.2466937
Rituals Bern Westside, Gilberte-de-Courgenay-Platz 4,Bern,Switzerland,46.9447237,7.3752618
Rituals Basel Freie Strasse,Freie Strasse 11,Basel,Switzerland,47.5574872,7.5888174
Rituals St. Gallen Multergasse,Multergasse 5,St Gallen,Switzerland,47.4245961,9.3760503
Rituals Winterthur,Untertor 1,Winterthur,Switzerland,47.4992585,8.7263059
Rituals Landquart Fashion Outlet, Tardisstraße 81,Landquart,Switzerland,46.9645889,9.553113389042402
Rituals Avry Centre Avry, Rte de Matran,Avry,Switzerland,46.7870458,7.0764086
Rituals Zürich Bahnhofstraße Pop up,Bahnhofstraße 74,Zürich,Switzerland,47.3746882,8.5389469
Rituals Luzern Weggisgasse,Weggisgasse 36,Luzern,Switzerland,47.0526889,8.3054129
Rituals Zuerich Marktgasse,Marktgasse 20,Zuerich,Switzerland,47.499999,8.7299427
Rituals Wallisellen Glattzentrum, Neue Winterthurerstrasse 99,Wallisellen,Switzerland,47.4080106,8.5960546
Rituals Liverpool, Liverpool One,Liverpool,United Kingdom,53.40369045,-2.9862246226099423
Rituals Nottingham, Lower Parliament St,Nottingham,United Kingdom,52.9553022,-1.1451379
Rituals Glasgow Fort, Garthamlock Rd,Glasgow,United Kingdom,55.8713758,-4.1404295
Rituals Rushden Lakes,UNIT A7,Rushden,United Kingdom,52.2911567,-0.5988177
Rituals Cambridge Grand Arcade,SU6 GRAND ARCADE,Cambridge,United Kingdom,52.2043507,0.1205473
Rituals Winchester,107A HIGH STREET,Winchester,United Kingdom,51.062750199999996,-1.3147907167126585
Rituals Glasgow Buchanan,137 Buchanan St,Glasgow,United Kingdom,55.8615796,-4.2537381
Rituals London Ealing Broadway,UNIT 10,London,United Kingdom,51.51146565,-0.06612803100539846
Rituals Bridgend Designer Outlet,UNIT 36,Bridgend,United Kingdom,51.5049859,-3.5756674
Rituals Oxford Westgate,SU52 Westgate, Oxford,United Kingdom,51.750133500000004,-1.2610653901397109
Rituals Manchester Trafford, 156 Regent Crescent, Manchester,United Kingdom,53.5555685,-2.1242403
Rituals York Designer Outlet, St Nicholas Ave,York,United Kingdom,53.9239128,-1.0700894
Rituals Brighton,13 North Street,Brighton,United Kingdom,50.8222287,-0.13959234201159415
Rituals Kings Cross Station, Euston Road,London,United Kingdom,51.5247178,-0.1385303
Rituals Milton Keynes,11/13 Acorn Walk,Milton Keynes,United Kingdom,52.042723,-0.7584914
Rituals Cheshire Oaks Designer Outlet, Kinsey Rd,Ellesmere Port,United Kingdom,53.2615323,-2.8798525
Rituals Bicester Village, 50 Pingle Drive,Bicester,United Kingdom,51.8924455,-1.1586981300082844
Rituals Cardiff,LG15 Grand Arcade,Cardiff,United Kingdom,51.4785725,-3.1744561
Rituals Harrogate,34 James Street,Harrogate,United Kingdom,53.9925345,-1.5402816
Rituals East Midlands Designer Outlet, Mansfield Road,South Normanton,United Kingdom,53.1012836,-1.3289028
Rituals Sheffield,UNIT 50,Sheffield,United Kingdom,53.3806626,-1.4702278
Rituals Guildford,83 High Street,Surrey,United Kingdom,51.3686543,-0.3661894
Rituals Basingstoke,UNIT 32,Basingstoke,United Kingdom,51.262826,-1.0861976
Rituals Caledonia Park,Glasgow Road,Gretna,United Kingdom,54.9957373,-3.0589888
Rituals Clarks Village,UNIT 15,Street,United Kingdom,51.51151754999999,-0.06650030216306355
Rituals Chelmsford, Bond Street,Chelmsford,United Kingdom,51.7337138,0.4744932
Rituals Bath,SU45,Bath,United Kingdom,51.3813864,-2.3596963
Rituals Truro,1 Pydar Street,Truro,United Kingdom,50.26393765,-5.052685355715659
Rituals London Luton Airport,Airport Way,Luton,United Kingdom,51.8752944,-0.3842364
Rituals Birmingham Merry Hill, Pedmore Road,Brierley Hill,United Kingdom,52.4947283,-2.1055667
Rituals London Covent Garden,29 James Street,London,United Kingdom,51.5152486,-0.15085647846441924
Rituals London Kingston,11 & 11a Church Street,London,United Kingdom,51.6299283,-0.0784504
Rituals London Islington Angel,9 Parkfield Street,London,United Kingdom,51.5346527,-0.1058996
Rituals Gunwharf Quays,Unit 3A,Portsmouth,United Kingdom,50.800031,-1.0906023
Rituals Leeds White Rose,Unit 13B,Leeds,United Kingdom,53.7974185,-1.5437941
Rituals Dundee,Unit 8,Dundee,United Kingdom,56.4605938,-2.97019
Rituals London Oxford Street,103 Oxford Street,London,United Kingdom,51.51587015,-0.13467537208858557
Rituals Plymouth,Charles St,Plymouth,United Kingdom,50.3737451,-4.1385565
Rituals Newcastle Eldon Square,Unit 1a,Newcastle,United Kingdom,54.9738474,-1.6131572
Rituals Watford,Unit 117,Watford,United Kingdom,51.6553875,-0.3957425
Rituals London Canary Wharf, Jubilee Place 45 Bank Street,London,United Kingdom,51.502681,-0.0187369
Rituals London Westfield,Westfield Shopping Centre,London,United Kingdom,51.5074732,-0.2198969
Rituals London St. Christopher's Place, St Christopher's Place,London,United Kingdom,51.5159835,-0.1505273
Rituals Reading, The Oracle,Reading,United Kingdom,51.45387265,-0.9708173173377739
Rituals London Kensington High Str,131 Kensington High Street,London,United Kingdom,51.5006707,-0.1935414
Rituals Bristol Cribbs Causeway,Unit 56,Bristol,United Kingdom,51.4538022,-2.5972985
Rituals London Battersea,UG24,London,United Kingdom,51.5074456,-0.1277653
Rituals Exeter, 15 High Street,Exeter,United Kingdom,50.6405412,-3.4766081594563545
Rituals Inverness,Unit 211,Inverness,United Kingdom,57.447752,-4.2335839
